team_1,team_2,team_1_rank,team_2_rank,venue,weeks_ago,result
RSA,IRE,6,5,Home,797,won
RSA,IRE,6,5,Home,796,won
RSA,WAL,6,8,Home,795,won
RSA,NZL,5,1,Away,791,lost
RSA,AUS,5,2,Away,790,lost
RSA,NZL,5,1,Home,788,won
RSA,AUS,5,2,Home,787,won
RSA,WAL,5,7,Away,776,won
RSA,IRE,5,6,Away,775,lost
RSA,ENG,5,3,Away,774,lost
RSA,SCO,5,9,Away,773,won
RSA,ARG,5,8,Away,772,won
RSA,URU,3,15,Neutral,745,won
RSA,FRA,3,4,Home,744,lost
RSA,FRA,3,4,Home,743,won
RSA,AUS,3,2,Away,741,lost
RSA,AUS,3,2,Home,739,won
RSA,AUS,3,2,Home,738,won
RSA,NZL,3,1,Home,737,won
RSA,AUS,3,2,Away,735,won
RSA,NZL,3,1,Away,734,lost
RSA,ARG,2,8,Away,724,won
RSA,WAL,2,5,Away,722,won
RSA,FRA,2,4,Away,721,lost
RSA,SCO,2,8,Home,693,won
RSA,SCO,2,8,Home,692,won
RSA,FRA,2,3,Home,691,lost
RSA,AUS,3,4,Away,688,lost
RSA,NZL,3,1,Away,687,lost
RSA,AUS,3,4,Away,685,lost
RSA,NZL,3,1,Home,682,lost
RSA,NZL,3,1,Home,681,won
RSA,AUS,3,4,Home,680,won
RSA,IRE,3,5,Away,671,lost
RSA,ENG,3,6,Away,670,lost
RSA,ENG,3,6,Away,669,won
RSA,ENG,5,6,Home,643,won
RSA,ENG,5,6,Home,642,won
RSA,SAM,5,11,Home,641,won
RSA,AUS,5,3,Home,640,won
RSA,NZL,5,1,Home,639,lost
RSA,AUS,3,4,Away,637,lost
RSA,NZL,3,1,Away,636,lost
RSA,NAM,3,25,Home,631,won
RSA,SCO,3,11,Away,630,won
RSA,SAM,3,10,Neutral,628,won
RSA,ENG,3,7,Neutral,627,won
RSA,TON,3,15,Neutral,626,won
RSA,USA,3,14,Neutral,625,won
RSA,FIJ,3,9,Neutral,624,won
RSA,ARG,3,4,Neutral,623,won
RSA,ENG,3,6,Neutral,622,won
RSA,WAL,3,10,Away,617,won
RSA,WAL,1,6,Home,589,won
RSA,WAL,1,6,Home,588,won
RSA,ITA,1,11,Home,587,won
RSA,NZL,1,2,Away,585,lost
RSA,NZL,1,2,Away,584,won
RSA,AUS,1,3,Away,583,lost
RSA,ARG,1,4,Home,580,won
RSA,NZL,1,2,Home,579,lost
RSA,AUS,1,3,Home,578,lost
RSA,AUS,1,3,Home,577,won
RSA,WAL,2,6,Away,567,won
RSA,SCO,2,9,Away,566,won
RSA,ENG,2,5,Away,565,won
RSA,NZL,2,1,Home,530,won
RSA,NZL,2,1,Home,529,won
RSA,AUS,2,3,Home,528,won
RSA,AUS,2,3,Away,525,won
RSA,AUS,2,3,Away,524,lost
RSA,NZL,2,1,Away,523,won
RSA,FRA,1,5,Away,514,lost
RSA,ITA,1,12,Away,513,won
RSA,IRE,1,4,Away,512,lost
RSA,WAL,2,8,Away,485,won
RSA,FRA,2,4,Home,484,won
RSA,ITA,2,11,Home,483,won
RSA,ITA,2,11,Neutral,482,won
RSA,NZL,2,1,Away,480,lost
RSA,NZL,2,1,Away,479,lost
RSA,AUS,2,3,Away,478,lost
RSA,NZL,2,1,Home,474,lost
RSA,AUS,2,3,Home,473,won
RSA,AUS,2,3,Home,472,lost
RSA,IRE,3,5,Away,463,won
RSA,WAL,3,9,Away,462,won
RSA,SCO,3,7,Away,461,lost
RSA,ENG,3,6,Away,460,won
RSA,AUS,3,2,Away,426,lost
RSA,NZL,3,1,Away,425,lost
RSA,AUS,3,2,Home,423,lost
RSA,NZL,3,1,Home,422,won
RSA,WAL,3,7,Neutral,419,won
RSA,FIJ,3,10,Neutral,418,won
RSA,NAM,3,20,Neutral,417,won
RSA,SAM,3,11,Neutral,416,won
RSA,AUS,2,3,Neutral,415,lost
RSA,ENG,3,4,Home,380,won
RSA,ENG,3,4,Home,379,won
RSA,ENG,3,4,Home,378,lost
RSA,ARG,3,8,Home,370,won
RSA,ARG,3,8,Away,369,lost
RSA,AUS,3,2,Away,367,lost
RSA,NZL,3,1,Away,366,lost
RSA,AUS,3,2,Home,364,won
RSA,NZL,2,1,Home,363,lost
RSA,IRE,2,7,Away,358,won
RSA,SCO,2,9,Away,357,won
RSA,ENG,2,4,Away,356,won
RSA,ITA,2,12,Home,328,won
RSA,SCO,2,10,Home,327,won
RSA,SAM,2,7,Home,326,won
RSA,ARG,2,10,Home,318,won
RSA,ARG,2,10,Away,317,won
RSA,AUS,2,3,Away,315,won
RSA,NZL,2,1,Away,314,lost
RSA,AUS,2,3,Home,312,won
RSA,NZL,2,1,Home,311,lost
RSA,WAL,2,6,Away,306,won
RSA,SCO,2,9,Away,305,won
RSA,FRA,2,5,Away,304,won
RSA,WAL,2,6,Home,275,won
RSA,WAL,2,6,Home,274,won
RSA,SCO,2,10,Home,273,won
RSA,ARG,2,12,Home,266,won
RSA,ARG,2,12,Away,265,won
RSA,AUS,2,3,Away,263,lost
RSA,NZL,2,1,Away,262,lost
RSA,AUS,2,3,Home,260,won
RSA,NZL,2,1,Home,259,won
RSA,IRE,2,5,Away,254,lost
RSA,ENG,2,4,Away,253,won
RSA,ITA,2,14,Away,252,won
RSA,WAL,2,6,Away,251,lost
RSA,AUS,2,6,Away,218,lost
RSA,NZL,2,1,Home,217,lost
RSA,ARG,2,8,Home,215,lost
RSA,ARG,2,8,Away,214,won
RSA,JPN,2,13,Neutral,209,lost
RSA,SAM,2,9,Neutral,208,won
RSA,SCO,5,9,Neutral,207,won
RSA,USA,5,16,Neutral,206,won
RSA,WAL,5,2,Neutral,205,won
RSA,NZL,5,1,Neutral,204,lost
RSA,ARG,5,8,Neutral,203,won
RSA,IRE,3,7,Home,171,lost
RSA,IRE,3,7,Home,170,won
RSA,IRE,3,7,Home,169,won
RSA,ARG,3,9,Home,161,won
RSA,ARG,3,9,Away,160,lost
RSA,AUS,3,4,Away,158,lost
RSA,NZL,3,1,Away,157,lost
RSA,AUS,4,3,Home,155,won
RSA,NZL,4,1,Home,154,lost
RSA,ENG,4,2,Away,149,lost
RSA,ITA,4,13,Away,148,lost
RSA,WAL,4,5,Away,147,lost
RSA,FRA,7,6,Home,119,won
RSA,FRA,7,6,Home,118,won
RSA,FRA,7,6,Home,117,won
RSA,ARG,5,9,Home,109,won
RSA,ARG,5,9,Away,108,won
RSA,AUS,5,4,Away,106,lost
RSA,NZL,5,1,Away,105,lost
RSA,AUS,5,4,Home,103,lost
RSA,NZL,3,1,Home,102,lost
RSA,IRE,3,4,Away,97,lost
RSA,FRA,3,8,Away,96,won
RSA,ITA,3,14,Away,95,won
RSA,WAL,3,7,Away,94,lost
RSA,WAL,6,7,Neutral,68,lost
RSA,ENG,6,3,Home,67,won
RSA,ENG,6,3,Home,66,won
RSA,ENG,6,3,Home,65,lost
RSA,ARG,6,10,Home,57,won
RSA,ARG,6,10,Away,56,lost
RSA,AUS,6,5,Away,54,lost
RSA,NZL,6,1,Away,53,won
RSA,AUS,6,5,Home,51,won
RSA,NZL,5,1,Home,50,lost
RSA,ENG,5,4,Away,46,lost
RSA,FRA,5,8,Away,45,won
RSA,SCO,5,6,Away,44,won
RSA,WAL,5,3,Away,43,lost
RSA,AUS,5,6,Home,9,won
RSA,NZL,5,1,Away,8,lost
RSA,ARG,5,10,Away,6,won
RSA,ARG,5,10,Home,5,won
RSA,JPN,5,11,Away,2,won
NAM,GEO,23,17,Neutral,641,lost
NAM,RSA,25,3,Away,631,lost
NAM,IRE,25,5,Neutral,628,lost
NAM,FRA,25,2,Away,627,lost
NAM,ARG,25,6,Neutral,626,lost
NAM,GEO,25,17,Neutral,625,lost
NAM,RUS,22,18,Home,504,lost
NAM,GEO,22,16,Neutral,483,won
NAM,GEO,22,14,Neutral,431,lost
NAM,FIJ,20,10,Neutral,419,lost
NAM,SAM,20,11,Neutral,418,lost
NAM,RSA,20,3,Neutral,417,lost
NAM,WAL,20,7,Neutral,416,lost
NAM,CAN,22,17,Neutral,254,lost
NAM,RUS,22,19,Home,219,won
NAM,RUS,22,19,Home,218,won
NAM,NZL,22,1,Neutral,208,lost
NAM,TON,22,12,Neutral,207,lost
NAM,GEO,20,15,Neutral,206,lost
NAM,ARG,20,8,Neutral,206,lost
NAM,RUS,19,20,Neutral,118,lost
NAM,URU,21,18,Home,96,lost
NAM,URU,21,18,Home,95,lost
NAM,RUS,22,19,Away,45,lost
NAM,URU,22,16,Away,15,won
NAM,RUS,22,20,Neutral,14,lost
USA,CAN,14,13,Neutral,799,lost
USA,RUS,14,22,Neutral,799,won
USA,CAN,14,13,Away,796,lost
USA,FRA,15,4,Home,794,lost
USA,IRE,15,6,Away,774,lost
USA,ITA,15,11,Away,773,lost
USA,CAN,16,13,Neutral,747,lost
USA,WAL,16,5,Home,746,lost
USA,CAN,16,13,Away,743,won
USA,CAN,15,14,Away,692,lost
USA,CAN,14,13,Away,684,lost
USA,URU,14,16,Away,677,won
USA,URU,15,16,Home,676,won
USA,CAN,14,13,Neutral,642,lost
USA,ENG,14,7,Neutral,628,lost
USA,TON,14,15,Neutral,627,lost
USA,SAM,14,10,Neutral,625,lost
USA,RSA,14,3,Neutral,625,lost
USA,CAN,19,15,Home,587,lost
USA,URU,20,19,Home,567,won
USA,JPN,20,16,Away,566,lost
USA,JPN,20,16,Away,565,lost
USA,IRE,19,4,Home,538,lost
USA,WAL,19,7,Home,537,lost
USA,GEO,19,13,Home,535,won
USA,CAN,18,13,Home,533,won
USA,CAN,18,13,Away,532,lost
USA,URU,18,21,Away,514,won
USA,URU,18,21,Home,513,won
USA,RUS,17,19,Home,485,won
USA,GEO,15,17,Away,460,lost
USA,TON,16,17,Neutral,432,lost
USA,RUS,16,19,Neutral,431,won
USA,CAN,17,15,Away,424,lost
USA,CAN,17,15,Home,423,lost
USA,JPN,17,13,Away,422,lost
USA,IRE,17,4,Neutral,419,lost
USA,RUS,17,19,Neutral,418,won
USA,AUS,17,2,Neutral,417,lost
USA,ITA,17,12,Neutral,416,lost
USA,CAN,17,13,Away,380,lost
USA,GEO,17,15,Home,379,won
USA,ITA,17,11,Home,378,lost
USA,RUS,17,19,Neutral,358,won
USA,TON,17,12,Neutral,357,lost
USA,CAN,16,14,Away,330,lost
USA,IRE,16,9,Home,328,lost
USA,TON,16,11,Home,327,lost
USA,FIJ,16,13,Neutral,326,lost
USA,JPN,16,15,Away,326,lost
USA,CAN,18,15,Home,318,lost
USA,CAN,18,15,Away,317,lost
USA,GEO,18,16,Away,305,won
USA,RUS,18,19,Neutral,304,won
USA,URU,18,20,Away,287,lost
USA,URU,18,20,Home,286,won
USA,SCO,18,10,Home,276,lost
USA,JPN,18,13,Home,275,lost
USA,CAN,18,15,Home,274,won
USA,NZL,18,1,Home,255,lost
USA,TON,18,13,Neutral,253,lost
USA,FIJ,18,11,Neutral,252,lost
USA,SAM,16,9,Home,218,lost
USA,JPN,16,13,Home,217,won
USA,TON,16,12,Neutral,216,lost
USA,CAN,16,17,Away,215,won
USA,CAN,16,17,Away,213,won
USA,AUS,16,6,Home,211,lost
USA,SAM,16,9,Neutral,209,lost
USA,SCO,16,10,Neutral,208,lost
USA,RSA,16,5,Neutral,206,lost
USA,JPN,16,12,Neutral,206,lost
USA,CAN,16,19,Home,188,won
USA,URU,16,20,Away,185,lost
USA,ITA,17,14,Home,170,lost
USA,RUS,17,19,Home,169,won
USA,TON,17,15,Neutral,148,lost
USA,URU,17,21,Home,137,won
USA,CAN,17,18,Away,135,won
USA,IRE,17,4,Home,119,lost
USA,GEO,17,12,Home,118,lost
USA,CAN,17,22,Away,117,lost
USA,CAN,17,23,Home,116,won
USA,GEO,17,12,Away,95,lost
USA,CAN,17,21,Home,84,won
USA,URU,17,18,Away,81,won
USA,RUS,15,19,Home,67,won
USA,SCO,15,5,Home,66,won
USA,CAN,15,21,Away,65,won
USA,SAM,15,16,Neutral,45,won
USA,IRE,15,2,Away,43,lost
USA,URU,12,17,Home,29,lost
USA,CAN,12,20,Home,28,won
USA,CAN,15,21,Home,8,won
USA,SAM,15,16,Neutral,7,won
USA,JPN,15,11,Neutral,6,lost
USA,CAN,15,21,Away,2,won
CAN,USA,13,14,Neutral,799,won
CAN,JPN,13,20,Away,799,lost
CAN,USA,13,14,Home,796,won
CAN,FRA,13,4,Home,793,lost
CAN,ITA,13,11,Away,776,lost
CAN,ENG,13,3,Away,775,lost
CAN,USA,13,16,Neutral,747,won
CAN,JPN,13,18,Away,747,won
CAN,WAL,13,5,Home,745,lost
CAN,USA,13,16,Home,743,lost
CAN,ARG,13,8,Home,742,won
CAN,FRA,13,4,Away,723,lost
CAN,USA,14,15,Home,692,won
CAN,USA,13,14,Home,684,won
CAN,WAL,13,9,Away,670,lost
CAN,ITA,13,12,Away,669,lost
CAN,USA,13,14,Neutral,642,won
CAN,NZL,13,1,Away,640,lost
CAN,WAL,12,8,Neutral,628,lost
CAN,FIJ,12,13,Neutral,627,lost
CAN,JPN,12,18,Neutral,625,lost
CAN,AUS,12,4,Neutral,625,lost
CAN,USA,15,19,Away,587,won
CAN,IRE,15,8,Away,567,lost
CAN,WAL,15,6,Away,566,lost
CAN,SCO,15,9,Away,565,lost
CAN,IRE,15,4,Home,539,lost
CAN,WAL,15,7,Home,538,lost
CAN,GEO,15,13,Neutral,537,won
CAN,USA,13,18,Away,533,lost
CAN,USA,13,18,Home,532,won
CAN,JPN,13,14,Away,514,lost
CAN,JPN,13,14,Away,513,lost
CAN,RUS,13,16,Home,512,won
CAN,URU,14,21,Neutral,485,won
CAN,GEO,14,17,Away,461,lost
CAN,RUS,15,19,Neutral,432,won
CAN,USA,15,17,Home,424,won
CAN,USA,15,17,Away,423,won
CAN,FRA,15,6,Neutral,418,lost
CAN,JPN,15,13,Neutral,416,lost
CAN,NZL,12,1,Away,416,lost
CAN,USA,13,17,Home,380,won
CAN,ITA,13,11,Home,379,lost
CAN,GEO,13,15,Home,378,won
CAN,SAM,13,10,Neutral,358,lost
CAN,RUS,13,19,Neutral,357,won
CAN,USA,14,16,Home,330,won
CAN,FIJ,14,13,Home,328,won
CAN,TON,14,11,Home,328,won
CAN,IRE,14,9,Home,327,lost
CAN,JPN,14,15,Away,326,lost
CAN,USA,15,18,Away,318,won
CAN,USA,15,18,Home,317,won
CAN,GEO,14,16,Away,306,lost
CAN,JPN,15,13,Home,276,lost
CAN,SCO,15,10,Home,275,lost
CAN,USA,15,18,Away,274,lost
CAN,NAM,17,22,Neutral,254,won
CAN,SAM,17,9,Neutral,253,lost
CAN,JPN,17,13,Neutral,218,lost
CAN,TON,17,12,Home,217,lost
CAN,SAM,17,9,Home,216,lost
CAN,USA,17,16,Home,215,lost
CAN,USA,17,16,Home,213,lost
CAN,GEO,17,14,Neutral,211,won
CAN,FIJ,17,11,Neutral,211,lost
CAN,IRE,17,3,Neutral,209,lost
CAN,ITA,17,15,Neutral,208,lost
CAN,FRA,18,7,Neutral,207,lost
CAN,URU,19,20,Home,189,won
CAN,USA,19,16,Away,188,lost
CAN,JPN,18,10,Home,171,lost
CAN,RUS,18,19,Home,170,won
CAN,ITA,18,14,Home,169,lost
CAN,IRE,18,6,Away,149,lost
CAN,SAM,18,14,Neutral,147,lost
CAN,USA,18,17,Home,135,lost
CAN,URU,18,21,Away,134,lost
CAN,GEO,22,12,Home,119,lost
CAN,USA,22,17,Home,117,lost
CAN,USA,23,17,Away,116,lost
CAN,GEO,24,12,Away,97,lost
CAN,FIJ,24,9,Neutral,95,lost
CAN,URU,21,18,Home,86,lost
CAN,URU,21,18,Away,85,lost
CAN,USA,21,17,Away,84,lost
CAN,SCO,21,5,Home,67,lost
CAN,RUS,21,19,Home,66,lost
CAN,USA,21,15,Home,65,lost
CAN,URU,20,17,Away,33,lost
CAN,USA,20,12,Away,28,lost
CAN,USA,21,15,Away,8,lost
CAN,FIJ,21,9,Away,7,lost
CAN,TON,21,13,Neutral,6,lost
CAN,USA,21,15,Home,2,lost
JPN,RUS,20,22,Home,799,won
JPN,CAN,20,13,Home,799,won
JPN,ITA,18,11,Home,794,lost
JPN,SCO,18,9,Neutral,775,lost
JPN,WAL,18,7,Away,773,lost
JPN,URU,18,15,Away,753,lost
JPN,ARG,18,8,Away,752,lost
JPN,CAN,18,13,Home,747,lost
JPN,IRE,18,7,Home,745,lost
JPN,IRE,18,7,Home,744,lost
JPN,GEO,17,18,Home,697,won
JPN,TON,17,20,Home,694,lost
JPN,ITA,17,12,Home,693,lost
JPN,SAM,17,10,Neutral,692,lost
JPN,FIJ,20,11,Home,690,lost
JPN,FIJ,18,12,Away,643,lost
JPN,SAM,18,11,Home,640,lost
JPN,ITA,18,9,Away,631,lost
JPN,AUS,18,4,Neutral,628,lost
JPN,FIJ,18,13,Neutral,627,lost
JPN,WAL,18,8,Away,626,lost
JPN,CAN,18,12,Neutral,625,lost
JPN,TON,18,13,Home,588,won
JPN,FIJ,18,9,Home,587,lost
JPN,SAM,16,12,Away,585,lost
JPN,USA,16,20,Home,566,won
JPN,USA,16,20,Home,565,won
JPN,SAM,16,11,Neutral,535,lost
JPN,TON,16,14,Neutral,534,won
JPN,FIJ,14,9,Away,533,lost
JPN,CAN,14,13,Home,514,won
JPN,CAN,14,13,Home,513,won
JPN,FIJ,13,10,Away,484,lost
JPN,SAM,13,12,Away,483,won
JPN,TON,13,15,Neutral,482,won
JPN,SAM,13,12,Home,464,lost
JPN,RUS,13,18,Home,463,won
JPN,SAM,13,11,Home,429,lost
JPN,TON,13,16,Neutral,428,won
JPN,FIJ,13,10,Away,427,won
JPN,ITA,13,12,Away,423,lost
JPN,USA,13,17,Home,422,won
JPN,FRA,13,6,Neutral,419,lost
JPN,NZL,13,1,Away,418,lost
JPN,CAN,13,15,Neutral,416,lost
JPN,FIJ,14,16,Home,380,lost
JPN,TON,14,9,Home,380,lost
JPN,SAM,14,10,Home,379,lost
JPN,GEO,16,15,Away,357,won
JPN,FIJ,15,13,Away,329,lost
JPN,WAL,15,5,Home,328,lost
JPN,WAL,15,5,Home,327,won
JPN,CAN,15,14,Home,326,won
JPN,USA,15,16,Home,326,won
JPN,NZL,15,1,Home,307,lost
JPN,SCO,15,9,Away,306,lost
JPN,RUS,15,19,Neutral,305,won
JPN,SAM,13,8,Home,277,won
JPN,CAN,13,15,Away,276,won
JPN,USA,13,18,Away,275,won
JPN,ITA,13,14,Home,274,won
JPN,GEO,10,15,Away,252,lost
JPN,CAN,13,17,Neutral,218,won
JPN,USA,13,16,Away,217,lost
JPN,FIJ,13,11,Neutral,216,lost
JPN,TON,13,12,Neutral,215,lost
JPN,URU,13,21,Home,213,won
JPN,URU,13,21,Home,212,won
JPN,GEO,13,14,Neutral,211,won
JPN,RSA,13,2,Neutral,209,won
JPN,SCO,13,10,Neutral,208,lost
JPN,SAM,12,11,Neutral,207,won
JPN,USA,12,16,Neutral,206,won
JPN,CAN,10,18,Away,171,won
JPN,SCO,10,9,Home,170,lost
JPN,SCO,10,9,Home,169,lost
JPN,ARG,12,7,Home,150,lost
JPN,GEO,12,11,Away,149,won
JPN,WAL,12,5,Away,148,lost
JPN,FIJ,12,10,Neutral,147,lost
JPN,IRE,11,4,Home,118,lost
JPN,IRE,11,4,Home,117,lost
JPN,AUS,11,5,Home,98,lost
JPN,TON,11,13,Neutral,96,won
JPN,FRA,11,8,Away,95,lost
JPN,ITA,11,14,Home,67,won
JPN,ITA,11,14,Home,66,lost
JPN,GEO,11,12,Home,65,won
JPN,NZL,11,1,Home,46,lost
JPN,ENG,11,4,Away,44,lost
JPN,RUS,11,19,Neutral,43,won
JPN,FIJ,11,9,Home,8,won
JPN,TON,11,13,Home,7,won
JPN,USA,11,15,Neutral,6,won
JPN,RSA,11,5,Home,2,lost
ENG,ITA,1,11,Away,814,won
ENG,SCO,1,9,Away,813,won
ENG,IRE,1,6,Home,811,lost
ENG,WAL,1,8,Home,809,won
ENG,FRA,1,4,Away,808,lost
ENG,NZL,1,2,Away,797,lost
ENG,NZL,1,2,Away,796,lost
ENG,AUS,1,3,Away,795,lost
ENG,CAN,3,13,Home,775,won
ENG,RSA,3,5,Home,774,won
ENG,AUS,3,2,Home,773,lost
ENG,WAL,3,8,Away,763,lost
ENG,FRA,3,5,Home,762,lost
ENG,IRE,3,6,Away,760,lost
ENG,ITA,3,11,Home,758,won
ENG,SCO,3,9,Home,757,won
ENG,AUS,6,3,Home,723,won
ENG,NZL,6,1,Home,722,lost
ENG,SAM,6,12,Home,721,won
ENG,WAL,5,6,Home,711,won
ENG,ITA,5,12,Away,710,won
ENG,SCO,5,10,Away,708,lost
ENG,FRA,5,3,Away,706,lost
ENG,IRE,5,7,Home,705,lost
ENG,AUS,6,4,Away,693,lost
ENG,AUS,6,4,Away,692,lost
ENG,NZL,6,1,Home,672,lost
ENG,ARG,6,8,Home,671,lost
ENG,RSA,6,3,Home,670,won
ENG,RSA,6,3,Home,669,lost
ENG,SCO,7,9,Home,659,won
ENG,ITA,7,12,Home,658,won
ENG,IRE,7,5,Away,656,lost
ENG,FRA,7,2,Home,654,won
ENG,WAL,7,8,Away,653,lost
ENG,RSA,6,5,Away,643,lost
ENG,RSA,6,5,Away,642,lost
ENG,WAL,7,8,Home,633,won
ENG,FRA,7,2,Home,632,lost
ENG,FRA,7,2,Away,631,lost
ENG,USA,7,14,Neutral,628,won
ENG,RSA,7,3,Neutral,627,lost
ENG,SAM,7,10,Neutral,626,won
ENG,TON,7,15,Neutral,625,won
ENG,AUS,6,2,Neutral,624,won
ENG,FRA,6,5,Away,623,won
ENG,RSA,6,3,Neutral,622,lost
ENG,WAL,4,10,Home,607,lost
ENG,ITA,4,11,Away,606,won
ENG,FRA,4,6,Away,604,won
ENG,SCO,4,8,Away,602,lost
ENG,IRE,4,7,Home,601,won
ENG,NZL,5,2,Away,588,lost
ENG,NZL,5,2,Away,587,lost
ENG,AUS,5,3,Home,566,lost
ENG,RSA,5,2,Home,565,lost
ENG,NZL,5,1,Home,564,lost
ENG,ITA,6,11,Home,554,won
ENG,WAL,6,5,Away,553,lost
ENG,IRE,6,8,Away,551,lost
ENG,FRA,6,7,Home,549,won
ENG,SCO,6,9,Home,548,won
ENG,ARG,6,5,Home,537,won
ENG,ARG,6,5,Away,536,lost
ENG,AUS,7,3,Home,515,lost
ENG,ARG,7,6,Home,514,won
ENG,NZL,7,2,Home,513,lost
ENG,WAL,6,8,Home,502,won
ENG,ITA,6,11,Away,501,won
ENG,IRE,6,4,Home,499,lost
ENG,SCO,6,9,Away,497,lost
ENG,FRA,6,5,Away,496,lost
ENG,AUS,7,3,Away,484,lost
ENG,AUS,7,3,Away,483,won
ENG,NZL,6,1,Home,463,lost
ENG,AUS,6,2,Home,462,won
ENG,SAM,6,12,Home,461,won
ENG,RSA,6,3,Home,460,lost
ENG,WAL,4,9,Away,450,won
ENG,ITA,4,12,Home,449,won
ENG,FRA,4,6,Home,447,won
ENG,SCO,4,7,Home,445,won
ENG,IRE,4,5,Away,444,lost
ENG,WAL,5,7,Home,424,won
ENG,WAL,5,7,Away,423,lost
ENG,IRE,5,4,Away,421,won
ENG,ARG,5,8,Neutral,419,won
ENG,GEO,5,14,Neutral,418,won
ENG,SCO,4,9,Neutral,416,won
ENG,FRA,4,5,Neutral,415,lost
ENG,SCO,5,10,Away,398,won
ENG,ITA,5,12,Away,397,won
ENG,WAL,5,8,Home,395,lost
ENG,FRA,5,3,Away,393,won
ENG,IRE,5,6,Home,392,won
ENG,RSA,4,3,Away,380,lost
ENG,RSA,4,3,Away,379,lost
ENG,RSA,4,3,Away,378,lost
ENG,FIJ,4,14,Home,358,won
ENG,AUS,4,3,Home,357,lost
ENG,RSA,4,2,Home,356,lost
ENG,NZL,4,1,Home,355,won
ENG,SCO,5,12,Home,346,won
ENG,IRE,5,6,Away,345,won
ENG,FRA,5,4,Home,343,won
ENG,ITA,5,10,Home,341,won
ENG,WAL,5,9,Away,340,lost
ENG,ARG,4,8,Away,328,won
ENG,ARG,4,8,Away,327,won
ENG,AUS,3,4,Home,307,won
ENG,ARG,3,10,Home,306,won
ENG,NZL,3,1,Home,305,lost
ENG,FRA,4,5,Away,294,lost
ENG,SCO,4,9,Away,293,won
ENG,IRE,4,7,Home,291,won
ENG,WAL,4,6,Home,289,won
ENG,ITA,4,13,Away,288,won
ENG,NZL,4,1,Away,276,lost
ENG,NZL,4,1,Away,275,lost
ENG,NZL,4,1,Away,274,lost
ENG,NZL,4,1,Home,254,lost
ENG,RSA,4,2,Home,253,lost
ENG,SAM,4,9,Home,252,won
ENG,AUS,4,3,Home,251,won
ENG,WAL,4,6,Away,241,won
ENG,ITA,4,14,Home,240,won
ENG,IRE,4,3,Away,238,lost
ENG,SCO,4,8,Home,236,won
ENG,FRA,4,7,Home,235,won
ENG,FRA,4,7,Home,214,won
ENG,FRA,4,7,Away,213,lost
ENG,IRE,4,3,Home,211,won
ENG,FIJ,4,11,Home,209,won
ENG,WAL,4,5,Home,208,lost
ENG,AUS,6,3,Home,207,lost
ENG,URU,6,19,Home,206,won
ENG,SCO,8,9,Away,189,won
ENG,ITA,8,12,Away,188,won
ENG,IRE,8,6,Home,186,won
ENG,WAL,8,4,Home,184,won
ENG,FRA,8,7,Away,183,won
ENG,WAL,4,5,Home,173,won
ENG,AUS,4,2,Away,171,won
ENG,AUS,4,2,Away,170,won
ENG,AUS,4,2,Away,169,won
ENG,RSA,2,4,Home,149,won
ENG,FIJ,2,10,Home,148,won
ENG,ARG,2,7,Home,147,won
ENG,AUS,2,3,Home,146,won
ENG,FRA,2,8,Home,137,won
ENG,WAL,2,5,Away,136,won
ENG,ITA,2,13,Home,134,won
ENG,SCO,2,7,Home,132,won
ENG,IRE,2,4,Away,131,lost
ENG,ARG,2,9,Neutral,119,won
ENG,ARG,2,9,Neutral,118,won
ENG,ARG,2,10,Home,97,won
ENG,AUS,2,5,Home,96,won
ENG,SAM,2,16,Home,95,won
ENG,ITA,2,14,Away,85,won
ENG,WAL,2,7,Home,84,won
ENG,SCO,2,5,Away,82,lost
ENG,FRA,2,9,Away,80,lost
ENG,IRE,2,3,Home,79,lost
ENG,RSA,3,6,Away,67,lost
ENG,RSA,3,6,Away,66,lost
ENG,RSA,3,6,Away,65,won
ENG,RSA,4,5,Home,46,won
ENG,NZL,4,1,Home,45,lost
ENG,JPN,4,11,Home,44,won
ENG,AUS,4,7,Home,43,won
ENG,IRE,4,2,Away,33,won
ENG,FRA,4,9,Home,32,won
ENG,WAL,4,3,Away,30,lost
ENG,ITA,4,15,Home,28,won
ENG,SCO,4,7,Home,27,lost
ENG,WAL,4,2,Home,6,won
ENG,WAL,4,2,Away,5,lost
ENG,IRE,4,3,Home,4,won
ENG,ITA,4,14,Home,2,won
FRA,IRE,4,6,Home,814,won
FRA,ITA,4,11,Home,813,won
FRA,WAL,4,8,Away,811,won
FRA,SCO,4,9,Away,809,won
FRA,ENG,4,1,Home,808,won
FRA,USA,4,15,Away,794,won
FRA,CAN,4,13,Away,793,won
FRA,AUS,4,2,Home,775,won
FRA,ARG,4,8,Home,774,lost
FRA,NZL,4,1,Home,773,lost
FRA,SCO,5,9,Home,763,won
FRA,ENG,5,3,Away,762,won
FRA,WAL,5,8,Home,760,lost
FRA,IRE,5,6,Away,758,won
FRA,ITA,5,11,Away,757,won
FRA,RSA,4,3,Away,744,lost
FRA,RSA,4,3,Away,743,lost
FRA,AUS,4,2,Away,742,lost
FRA,AUS,4,3,Home,724,won
FRA,CAN,4,13,Home,723,won
FRA,TON,4,20,Home,722,won
FRA,RSA,4,2,Home,721,won
FRA,SCO,3,10,Away,711,lost
FRA,IRE,3,7,Home,710,won
FRA,ITA,3,12,Home,708,won
FRA,ENG,3,5,Home,706,won
FRA,WAL,3,6,Away,705,won
FRA,RSA,3,2,Away,691,won
FRA,NZL,2,1,Home,671,lost
FRA,NZL,2,1,Home,670,lost
FRA,ARG,2,8,Home,669,won
FRA,ITA,2,12,Away,659,won
FRA,IRE,2,5,Away,658,won
FRA,WAL,2,8,Home,656,won
FRA,ENG,2,7,Away,654,lost
FRA,SCO,2,9,Home,653,won
FRA,NZL,2,1,Away,642,lost
FRA,NZL,2,1,Away,641,lost
FRA,ENG,2,7,Away,632,won
FRA,ENG,2,7,Home,631,won
FRA,WAL,2,8,Away,630,won
FRA,ARG,2,6,Home,628,lost
FRA,NAM,2,25,Home,627,won
FRA,IRE,2,5,Home,626,won
FRA,GEO,2,17,Home,625,won
FRA,NZL,5,1,Neutral,624,won
FRA,ENG,5,6,Home,623,lost
FRA,ARG,5,4,Home,622,lost
FRA,SCO,6,8,Away,607,won
FRA,IRE,6,7,Home,606,won
FRA,ENG,6,4,Home,604,lost
FRA,ITA,6,11,Home,602,won
FRA,WAL,6,10,Away,601,lost
FRA,AUS,7,4,Away,586,lost
FRA,AUS,7,3,Away,585,lost
FRA,ARG,7,4,Home,567,won
FRA,AUS,7,3,Home,565,lost
FRA,IRE,7,8,Away,554,lost
FRA,SCO,7,9,Home,553,won
FRA,WAL,7,5,Home,551,won
FRA,ENG,7,6,Away,549,lost
FRA,ITA,7,11,Away,548,won
FRA,NZL,8,1,Away,536,won
FRA,NZL,8,1,Away,535,lost
FRA,AUS,8,3,Away,534,lost
FRA,RSA,5,1,Home,514,won
FRA,SAM,5,11,Home,513,won
FRA,NZL,5,2,Home,512,lost
FRA,SCO,5,9,Away,502,won
FRA,IRE,5,4,Home,501,won
FRA,WAL,5,8,Away,499,won
FRA,ITA,5,11,Home,497,won
FRA,ENG,5,6,Home,496,won
FRA,RSA,4,2,Away,484,lost
FRA,ARG,4,6,Away,482,lost
FRA,FIJ,4,10,Home,462,won
FRA,ARG,4,8,Home,461,won
FRA,AUS,4,2,Home,460,lost
FRA,SCO,6,7,Home,450,won
FRA,IRE,6,5,Away,449,won
FRA,ENG,6,4,Away,447,lost
FRA,ITA,6,12,Away,445,lost
FRA,WAL,6,9,Home,444,won
FRA,IRE,6,4,Home,423,won
FRA,IRE,6,4,Away,422,won
FRA,JPN,6,13,Neutral,419,won
FRA,CAN,6,15,Neutral,418,won
FRA,NZL,6,1,Away,417,lost
FRA,TON,5,13,Neutral,416,lost
FRA,ENG,5,4,Neutral,415,won
FRA,WAL,5,7,Neutral,414,won
FRA,NZL,5,1,Away,413,lost
FRA,ITA,3,12,Home,398,won
FRA,SCO,3,10,Away,395,won
FRA,IRE,3,6,Home,394,lost
FRA,ENG,3,5,Home,393,lost
FRA,WAL,3,8,Away,392,lost
FRA,ARG,6,7,Neutral,379,lost
FRA,ARG,6,7,Away,378,won
FRA,AUS,5,3,Home,358,won
FRA,ARG,5,8,Home,357,won
FRA,SAM,5,10,Home,356,won
FRA,ITA,4,10,Away,346,lost
FRA,WAL,4,9,Home,345,lost
FRA,ENG,4,5,Away,343,lost
FRA,IRE,4,6,Away,341,lost
FRA,SCO,4,12,Home,340,won
FRA,NZL,6,1,Away,328,lost
FRA,NZL,6,1,Away,327,lost
FRA,NZL,6,1,Away,326,lost
FRA,NZL,5,1,Home,306,lost
FRA,RSA,5,2,Home,304,lost
FRA,ENG,5,4,Home,294,won
FRA,ITA,5,13,Home,293,won
FRA,WAL,5,6,Away,291,lost
FRA,SCO,5,9,Away,289,won
FRA,IRE,5,7,Home,288,lost
FRA,AUS,7,3,Away,276,lost
FRA,AUS,7,3,Away,275,lost
FRA,AUS,7,3,Away,274,lost
FRA,FIJ,7,11,Home,254,won
FRA,AUS,7,3,Home,253,won
FRA,ARG,7,12,Home,252,lost
FRA,SCO,7,8,Home,241,won
FRA,IRE,7,3,Away,240,lost
FRA,WAL,7,6,Home,238,lost
FRA,ITA,7,14,Away,236,won
FRA,ENG,7,4,Away,235,lost
FRA,ENG,7,4,Away,214,lost
FRA,ENG,7,4,Home,213,won
FRA,SCO,7,10,Home,211,won
FRA,ITA,7,15,Neutral,209,won
FRA,CAN,7,18,Neutral,207,won
FRA,IRE,7,4,Neutral,206,lost
FRA,NZL,7,1,Neutral,205,lost
FRA,ITA,7,12,Home,189,won
FRA,IRE,7,6,Home,188,won
FRA,WAL,7,4,Away,186,lost
FRA,SCO,7,9,Away,184,lost
FRA,ENG,7,8,Home,183,lost
FRA,ARG,8,6,Away,170,lost
FRA,ARG,8,6,Away,169,won
FRA,SAM,8,14,Home,149,won
FRA,AUS,8,3,Home,148,lost
FRA,NZL,8,1,Home,147,lost
FRA,ENG,8,2,Away,137,lost
FRA,SCO,8,7,Home,136,won
FRA,IRE,8,4,Away,134,lost
FRA,ITA,8,13,Away,132,won
FRA,WAL,8,5,Home,131,won
FRA,RSA,6,7,Away,119,lost
FRA,RSA,6,7,Away,118,lost
FRA,RSA,6,7,Away,117,lost
FRA,NZL,8,1,Home,97,lost
FRA,RSA,8,3,Home,96,lost
FRA,JPN,8,11,Home,95,lost
FRA,IRE,9,3,Home,85,lost
FRA,SCO,9,5,Away,84,lost
FRA,ITA,9,14,Home,82,won
FRA,ENG,9,2,Home,80,won
FRA,WAL,9,7,Away,79,lost
FRA,NZL,8,1,Away,67,lost
FRA,NZL,8,1,Away,66,lost
FRA,NZL,8,1,Away,65,lost
FRA,RSA,8,5,Home,45,lost
FRA,ARG,8,9,Home,44,won
FRA,FIJ,8,10,Home,43,lost
FRA,WAL,9,3,Home,33,lost
FRA,ENG,9,4,Away,32,lost
FRA,SCO,9,7,Home,30,won
FRA,IRE,9,2,Away,28,lost
FRA,ITA,9,15,Away,27,won
FRA,SCO,8,7,Home,5,won
FRA,SCO,8,7,Away,4,lost
FRA,ITA,8,14,Home,3,won
GEO,RUS,19,23,Home,811,won
GEO,URU,22,16,Away,777,lost
GEO,RUS,22,23,Away,774,won
GEO,RUS,19,24,Home,711,won
GEO,JPN,18,17,Away,697,lost
GEO,RUS,17,20,Home,652,won
GEO,NAM,17,23,Neutral,641,won
GEO,ARG,17,6,Neutral,627,lost
GEO,IRE,17,5,Neutral,627,lost
GEO,NAM,17,25,Neutral,625,won
GEO,FRA,17,2,Away,625,lost
GEO,RUS,14,16,Away,597,won
GEO,URU,14,20,Neutral,588,won
GEO,RUS,14,18,Neutral,548,won
GEO,CAN,13,15,Neutral,537,lost
GEO,USA,13,19,Away,535,lost
GEO,RUS,17,18,Neutral,496,won
GEO,NAM,16,22,Neutral,483,lost
GEO,CAN,17,14,Home,461,won
GEO,USA,17,15,Home,460,won
GEO,RUS,15,18,Away,444,won
GEO,NAM,14,22,Neutral,431,won
GEO,SCO,14,9,Neutral,418,lost
GEO,ENG,14,5,Neutral,418,lost
GEO,ARG,14,8,Neutral,416,lost
GEO,RUS,14,20,Home,392,won
GEO,USA,15,17,Away,379,lost
GEO,CAN,15,13,Away,378,lost
GEO,JPN,15,16,Home,357,lost
GEO,FIJ,15,14,Home,356,lost
GEO,RUS,17,20,Away,343,won
GEO,URU,17,21,Home,327,won
GEO,ARG,17,8,Neutral,326,lost
GEO,CAN,16,14,Home,306,won
GEO,USA,16,18,Home,305,lost
GEO,SAM,16,7,Home,304,won
GEO,RUS,16,19,Home,291,won
GEO,TON,15,13,Home,254,lost
GEO,IRE,15,5,Away,253,lost
GEO,JPN,15,10,Home,252,won
GEO,RUS,15,19,Home,236,won
GEO,URU,14,20,Home,223,won
GEO,CAN,14,17,Neutral,211,lost
GEO,JPN,14,13,Neutral,211,lost
GEO,TON,14,12,Neutral,209,won
GEO,ARG,14,8,Neutral,208,lost
GEO,NZL,15,1,Neutral,207,lost
GEO,NAM,15,20,Neutral,206,won
GEO,RUS,14,18,Away,184,won
GEO,SAM,12,15,Away,171,lost
GEO,TON,12,13,Neutral,170,won
GEO,FIJ,12,11,Away,169,won
GEO,JPN,11,12,Home,149,lost
GEO,SAM,11,14,Home,148,won
GEO,SCO,11,9,Away,147,lost
GEO,RUS,12,19,Home,132,won
GEO,CAN,12,22,Away,119,won
GEO,USA,12,17,Away,118,won
GEO,ARG,12,9,Away,117,lost
GEO,CAN,12,24,Home,97,won
GEO,WAL,12,7,Away,96,lost
GEO,USA,12,17,Home,95,won
GEO,RUS,12,19,Away,80,won
GEO,TON,12,13,Neutral,67,won
GEO,FIJ,12,10,Away,66,lost
GEO,JPN,12,11,Away,65,lost
GEO,ITA,13,14,Away,45,lost
GEO,SAM,13,16,Home,44,won
GEO,TON,13,12,Home,43,won
GEO,RUS,13,19,Away,27,won
GEO,SCO,12,7,Home,3,lost
GEO,SCO,12,7,Away,2,lost
IRE,FRA,6,4,Away,814,lost
IRE,WAL,6,8,Home,813,won
IRE,ENG,6,1,Away,811,won
IRE,ITA,6,11,Home,809,won
IRE,SCO,6,9,Home,808,won
IRE,RSA,5,6,Away,797,lost
IRE,RSA,5,6,Away,796,lost
IRE,RSA,6,5,Home,775,won
IRE,USA,6,15,Home,774,won
IRE,ARG,6,8,Home,773,won
IRE,ITA,6,11,Away,763,won
IRE,SCO,6,9,Away,762,won
IRE,ENG,6,3,Home,760,won
IRE,FRA,6,5,Home,758,lost
IRE,WAL,6,8,Away,757,lost
IRE,JPN,7,18,Away,745,won
IRE,JPN,7,18,Away,744,won
IRE,NZL,7,1,Home,723,lost
IRE,AUS,7,3,Home,722,lost
IRE,ITA,7,12,Home,711,won
IRE,FRA,7,3,Away,710,lost
IRE,WAL,7,6,Home,708,won
IRE,SCO,7,10,Home,706,won
IRE,ENG,7,5,Away,705,won
IRE,NZL,5,1,Away,693,lost
IRE,NZL,5,1,Away,692,lost
IRE,AUS,5,4,Away,691,lost
IRE,RSA,5,3,Home,671,won
IRE,AUS,5,4,Home,670,won
IRE,WAL,5,8,Away,659,won
IRE,FRA,5,2,Home,658,lost
IRE,ENG,5,7,Home,656,won
IRE,SCO,5,9,Away,654,won
IRE,ITA,5,12,Away,653,won
IRE,ARG,4,7,Neutral,643,lost
IRE,ARG,4,7,Away,642,lost
IRE,SCO,5,11,Away,632,lost
IRE,ITA,5,9,Home,630,won
IRE,NAM,5,25,Neutral,628,won
IRE,GEO,5,17,Neutral,627,won
IRE,FRA,5,2,Away,626,lost
IRE,ARG,5,6,Neutral,625,lost
IRE,ITA,7,11,Home,607,won
IRE,FRA,7,6,Away,606,lost
IRE,SCO,7,8,Home,604,won
IRE,WAL,7,10,Home,602,lost
IRE,ENG,7,4,Away,601,lost
IRE,NZL,8,2,Away,589,lost
IRE,AUS,8,4,Away,588,lost
IRE,CAN,8,15,Home,567,won
IRE,NZL,8,1,Home,566,lost
IRE,ARG,8,4,Home,565,won
IRE,FRA,8,7,Home,554,won
IRE,ITA,8,11,Away,553,won
IRE,ENG,8,6,Home,551,won
IRE,SCO,8,9,Away,549,won
IRE,WAL,8,5,Away,548,won
IRE,CAN,4,15,Away,539,won
IRE,USA,4,19,Away,538,won
IRE,AUS,4,3,Home,514,lost
IRE,FIJ,4,9,Home,513,won
IRE,RSA,4,1,Home,512,won
IRE,ITA,4,11,Home,502,won
IRE,FRA,4,5,Away,501,lost
IRE,ENG,4,6,Away,499,won
IRE,WAL,4,8,Home,497,won
IRE,SCO,4,9,Home,496,lost
IRE,NZL,5,1,Away,484,lost
IRE,AUS,5,3,Away,482,lost
IRE,RSA,5,3,Home,463,lost
IRE,SAM,5,12,Home,462,won
IRE,NZL,5,1,Home,461,lost
IRE,ARG,5,8,Home,460,won
IRE,ITA,5,12,Away,450,won
IRE,FRA,5,6,Home,449,lost
IRE,SCO,5,7,Away,447,won
IRE,WAL,5,9,Away,445,lost
IRE,ENG,5,4,Home,444,won
IRE,SCO,4,9,Away,424,lost
IRE,FRA,4,6,Away,423,lost
IRE,FRA,4,6,Home,422,lost
IRE,ENG,4,5,Home,421,lost
IRE,USA,4,17,Neutral,419,won
IRE,AUS,4,2,Neutral,418,won
IRE,RUS,4,19,Neutral,417,won
IRE,ITA,6,11,Neutral,416,won
IRE,WAL,6,7,Neutral,415,lost
IRE,WAL,6,8,Home,398,lost
IRE,ITA,6,12,Home,395,won
IRE,FRA,6,3,Away,394,lost
IRE,SCO,6,10,Home,393,won
IRE,ENG,6,5,Away,392,lost
IRE,NZL,8,1,Away,380,lost
IRE,NZL,8,1,Away,379,lost
IRE,NZL,8,1,Away,378,lost
IRE,RSA,7,2,Home,358,lost
IRE,ARG,7,8,Home,356,won
IRE,WAL,6,9,Away,346,won
IRE,ENG,6,5,Home,345,lost
IRE,SCO,6,12,Away,343,lost
IRE,FRA,6,4,Home,341,lost
IRE,ITA,6,10,Away,340,lost
IRE,USA,9,16,Away,328,won
IRE,CAN,9,14,Away,327,won
IRE,SAM,8,7,Home,306,won
IRE,AUS,8,4,Home,305,lost
IRE,NZL,8,1,Home,304,lost
IRE,SCO,7,9,Home,294,won
IRE,WAL,7,6,Home,293,won
IRE,ENG,7,4,Away,291,lost
IRE,ITA,7,13,Home,289,won
IRE,FRA,7,5,Away,288,won
IRE,ARG,5,9,Away,276,won
IRE,ARG,5,9,Away,275,won
IRE,RSA,5,2,Home,254,won
IRE,GEO,5,15,Home,253,won
IRE,AUS,5,3,Home,252,won
IRE,ITA,3,14,Away,241,won
IRE,FRA,3,7,Home,240,won
IRE,ENG,3,4,Home,238,won
IRE,WAL,3,6,Away,236,lost
IRE,SCO,3,8,Away,235,won
IRE,WAL,3,5,Away,215,won
IRE,SCO,3,10,Home,214,won
IRE,WAL,3,5,Home,212,lost
IRE,ENG,3,4,Away,211,lost
IRE,CAN,3,17,Neutral,209,won
IRE,ITA,4,14,Neutral,207,won
IRE,FRA,4,7,Neutral,206,won
IRE,ARG,4,8,Neutral,205,lost
IRE,WAL,6,4,Home,189,lost
IRE,FRA,6,7,Away,188,lost
IRE,ENG,6,8,Away,186,lost
IRE,ITA,6,12,Home,184,won
IRE,SCO,6,9,Home,183,won
IRE,RSA,7,3,Away,171,won
IRE,RSA,7,3,Away,170,lost
IRE,RSA,7,3,Away,169,lost
IRE,NZL,6,1,Neutral,150,won
IRE,CAN,6,18,Home,149,won
IRE,NZL,6,1,Home,148,lost
IRE,AUS,6,3,Home,147,won
IRE,SCO,4,7,Away,137,lost
IRE,ITA,4,13,Away,136,won
IRE,FRA,4,8,Home,134,won
IRE,WAL,4,5,Away,132,lost
IRE,ENG,4,2,Home,131,won
IRE,USA,4,17,Away,119,won
IRE,JPN,4,11,Away,118,won
IRE,JPN,4,11,Away,117,won
IRE,RSA,4,3,Home,97,won
IRE,FIJ,4,9,Home,96,won
IRE,ARG,4,10,Home,95,won
IRE,FRA,3,9,Away,85,won
IRE,ITA,3,14,Home,84,won
IRE,WAL,3,7,Home,82,won
IRE,SCO,3,5,Home,80,won
IRE,ENG,3,2,Away,79,won
IRE,AUS,2,4,Away,67,lost
IRE,AUS,2,4,Away,66,won
IRE,AUS,2,4,Away,65,won
IRE,ITA,2,14,Neutral,46,won
IRE,ARG,2,9,Home,45,won
IRE,NZL,2,1,Home,44,won
IRE,USA,2,15,Home,43,won
IRE,ENG,2,4,Home,33,lost
IRE,SCO,2,7,Away,32,won
IRE,ITA,2,15,Away,30,won
IRE,FRA,2,9,Home,28,won
IRE,WAL,2,3,Away,27,lost
IRE,ITA,3,14,Home,6,won
IRE,ENG,3,4,Away,4,lost
IRE,WAL,3,2,Away,3,won
IRE,WAL,3,2,Home,2,won
ITA,ENG,11,1,Home,814,lost
ITA,FRA,11,4,Away,813,lost
ITA,SCO,11,9,Home,811,won
ITA,IRE,11,6,Away,809,lost
ITA,WAL,11,8,Away,808,lost
ITA,JPN,11,18,Away,794,won
ITA,CAN,11,13,Home,776,won
ITA,NZL,11,1,Home,775,lost
ITA,USA,11,15,Home,773,won
ITA,IRE,11,6,Home,763,lost
ITA,WAL,11,8,Home,762,lost
ITA,SCO,11,9,Away,760,lost
ITA,ENG,11,3,Away,758,lost
ITA,FRA,11,5,Home,757,lost
ITA,ARG,12,8,Away,745,lost
ITA,ARG,12,8,Neutral,744,won
ITA,AUS,12,2,Away,743,lost
ITA,ARG,11,8,Home,722,lost
ITA,FIJ,11,10,Home,721,won
ITA,IRE,12,7,Away,711,lost
ITA,ENG,12,5,Home,710,lost
ITA,FRA,12,3,Away,708,lost
ITA,WAL,12,6,Away,706,lost
ITA,SCO,12,10,Home,705,lost
ITA,JPN,12,17,Away,693,won
ITA,FIJ,12,11,Away,692,lost
ITA,RUS,12,19,Away,675,won
ITA,AUS,12,4,Home,671,lost
ITA,ARG,12,8,Home,670,lost
ITA,CAN,12,13,Home,669,won
ITA,FRA,12,2,Home,659,lost
ITA,ENG,12,7,Away,658,lost
ITA,SCO,12,9,Away,656,won
ITA,WAL,12,8,Home,654,won
ITA,IRE,12,5,Home,653,lost
ITA,URU,9,19,Away,642,won
ITA,ARG,9,7,Away,641,lost
ITA,JPN,9,18,Home,631,won
ITA,IRE,9,5,Away,630,lost
ITA,NZL,9,1,Neutral,628,lost
ITA,SCO,9,11,Neutral,625,lost
ITA,IRE,11,7,Away,607,lost
ITA,ENG,11,4,Home,606,lost
ITA,WAL,11,10,Away,604,lost
ITA,FRA,11,6,Away,602,lost
ITA,SCO,11,8,Home,601,won
ITA,RSA,11,1,Away,587,lost
ITA,ARG,11,3,Neutral,586,won
ITA,AUS,10,3,Home,567,lost
ITA,ARG,10,4,Home,566,lost
ITA,ENG,11,6,Away,554,lost
ITA,IRE,11,8,Home,553,lost
ITA,SCO,11,9,Away,551,lost
ITA,WAL,11,5,Home,549,lost
ITA,FRA,11,7,Home,548,lost
ITA,AUS,12,3,Away,536,lost
ITA,AUS,12,3,Away,535,lost
ITA,NZL,12,1,Away,534,lost
ITA,NZL,12,2,Home,514,lost
ITA,RSA,12,1,Home,513,lost
ITA,SAM,12,11,Home,512,won
ITA,IRE,11,4,Away,502,lost
ITA,ENG,11,6,Home,501,lost
ITA,SCO,11,9,Home,499,won
ITA,FRA,11,5,Away,497,lost
ITA,WAL,11,8,Away,496,lost
ITA,RSA,11,2,Away,483,lost
ITA,RSA,11,2,Neutral,482,lost
ITA,ARG,11,8,Home,462,lost
ITA,AUS,11,2,Home,461,lost
ITA,FIJ,11,10,Home,460,won
ITA,IRE,12,5,Home,450,lost
ITA,ENG,12,4,Away,449,lost
ITA,WAL,12,9,Home,447,lost
ITA,FRA,12,6,Home,445,won
ITA,SCO,12,7,Away,444,lost
ITA,JPN,12,13,Home,423,won
ITA,SCO,12,9,Away,422,lost
ITA,AUS,12,2,Neutral,419,lost
ITA,RUS,12,19,Neutral,417,won
ITA,USA,12,17,Neutral,416,won
ITA,IRE,11,6,Neutral,416,lost
ITA,FRA,12,3,Away,398,lost
ITA,ENG,12,5,Home,397,lost
ITA,IRE,12,6,Away,395,lost
ITA,WAL,12,8,Away,393,lost
ITA,SCO,12,10,Home,392,won
ITA,ARG,11,7,Neutral,380,lost
ITA,CAN,11,13,Away,379,won
ITA,USA,11,17,Away,378,won
ITA,NZL,11,1,Home,357,lost
ITA,AUS,11,3,Home,356,lost
ITA,FRA,10,4,Home,346,won
ITA,SCO,10,12,Away,345,lost
ITA,WAL,10,9,Home,343,lost
ITA,ENG,10,5,Away,341,lost
ITA,IRE,10,6,Home,340,won
ITA,RSA,12,2,Away,328,lost
ITA,SAM,12,7,Neutral,327,lost
ITA,SCO,12,10,Neutral,326,lost
ITA,AUS,12,4,Home,306,lost
ITA,FIJ,12,13,Home,305,won
ITA,ARG,12,10,Home,304,lost
ITA,WAL,13,6,Away,294,lost
ITA,FRA,13,5,Away,293,lost
ITA,SCO,13,9,Home,291,lost
ITA,IRE,13,7,Away,289,lost
ITA,ENG,13,4,Home,288,lost
ITA,FIJ,14,11,Away,276,lost
ITA,SAM,14,8,Away,275,lost
ITA,JPN,14,13,Away,274,lost
ITA,SAM,14,9,Home,254,won
ITA,ARG,14,12,Home,253,lost
ITA,RSA,14,2,Home,252,lost
ITA,IRE,14,3,Home,241,lost
ITA,ENG,14,4,Away,240,lost
ITA,SCO,14,8,Away,238,won
ITA,FRA,14,7,Home,236,lost
ITA,WAL,14,6,Home,235,lost
ITA,SCO,15,10,Home,213,lost
ITA,SCO,15,10,Away,212,lost
ITA,WAL,15,5,Away,211,lost
ITA,FRA,15,7,Neutral,209,lost
ITA,CAN,15,17,Neutral,208,won
ITA,IRE,14,4,Neutral,207,lost
ITA,FRA,12,7,Away,189,lost
ITA,ENG,12,8,Home,188,lost
ITA,SCO,12,9,Home,186,lost
ITA,IRE,12,6,Away,184,lost
ITA,WAL,12,4,Away,183,lost
ITA,ARG,14,6,Neutral,171,lost
ITA,USA,14,17,Away,170,won
ITA,CAN,14,18,Away,169,won
ITA,NZL,13,1,Home,149,lost
ITA,RSA,13,4,Home,148,won
ITA,TON,13,15,Home,147,lost
ITA,WAL,13,5,Home,137,lost
ITA,IRE,13,4,Home,136,lost
ITA,ENG,13,2,Away,134,lost
ITA,FRA,13,8,Home,132,lost
ITA,SCO,13,7,Away,131,lost
ITA,SCO,15,5,Neutral,119,lost
ITA,FIJ,15,10,Away,118,lost
ITA,AUS,15,3,Away,117,lost
ITA,FIJ,14,9,Home,97,won
ITA,ARG,14,10,Home,96,lost
ITA,RSA,14,3,Home,95,lost
ITA,ENG,14,2,Home,85,lost
ITA,IRE,14,3,Away,84,lost
ITA,FRA,14,9,Away,82,lost
ITA,WAL,14,7,Away,80,lost
ITA,SCO,14,5,Home,79,lost
ITA,JPN,14,11,Away,67,lost
ITA,JPN,14,11,Away,66,won
ITA,IRE,14,2,Neutral,46,lost
ITA,GEO,14,13,Home,45,won
ITA,AUS,14,7,Home,44,lost
ITA,NZL,14,1,Home,43,lost
ITA,SCO,15,7,Away,33,lost
ITA,WAL,15,3,Home,32,lost
ITA,IRE,15,2,Home,30,lost
ITA,ENG,15,4,Away,28,lost
ITA,FRA,15,9,Home,27,lost
ITA,IRE,14,3,Away,6,lost
ITA,RUS,14,20,Home,5,won
ITA,FRA,14,8,Away,3,lost
ITA,ENG,14,4,Away,2,lost
RUS,GEO,23,19,Away,811,lost
RUS,JPN,22,20,Away,799,lost
RUS,USA,22,14,Neutral,799,lost
RUS,GEO,23,22,Home,774,lost
RUS,GEO,24,19,Away,711,lost
RUS,ITA,19,12,Home,675,lost
RUS,GEO,20,17,Away,652,lost
RUS,GEO,16,14,Home,597,lost
RUS,URU,16,20,Neutral,587,lost
RUS,GEO,18,14,Neutral,548,lost
RUS,URU,17,20,Neutral,535,won
RUS,CAN,16,13,Away,512,lost
RUS,NAM,18,22,Away,504,won
RUS,GEO,18,17,Neutral,496,lost
RUS,USA,19,17,Away,485,lost
RUS,URU,19,21,Neutral,483,won
RUS,JPN,18,13,Away,463,lost
RUS,GEO,18,15,Home,444,lost
RUS,CAN,19,15,Neutral,432,lost
RUS,USA,19,16,Neutral,431,lost
RUS,USA,19,17,Neutral,418,lost
RUS,ITA,19,12,Neutral,417,lost
RUS,IRE,19,4,Neutral,417,lost
RUS,AUS,21,3,Neutral,416,lost
RUS,GEO,20,14,Away,392,lost
RUS,URU,22,21,Neutral,379,won
RUS,USA,19,17,Neutral,358,lost
RUS,CAN,19,13,Neutral,357,lost
RUS,GEO,20,17,Home,343,lost
RUS,JPN,19,15,Neutral,305,lost
RUS,USA,19,18,Neutral,304,lost
RUS,GEO,19,16,Away,291,lost
RUS,URU,19,20,Neutral,274,lost
RUS,URU,20,19,Home,260,won
RUS,URU,19,20,Away,258,lost
RUS,GEO,19,15,Away,236,lost
RUS,NAM,19,22,Away,219,lost
RUS,NAM,19,22,Away,218,lost
RUS,GEO,18,14,Home,184,lost
RUS,CAN,19,18,Away,170,lost
RUS,USA,19,17,Away,169,lost
RUS,GEO,19,12,Away,132,lost
RUS,URU,20,21,Away,118,lost
RUS,NAM,20,19,Neutral,118,won
RUS,GEO,19,12,Home,80,lost
RUS,USA,19,15,Away,67,lost
RUS,CAN,19,21,Away,66,won
RUS,NAM,19,22,Home,45,won
RUS,JPN,19,11,Neutral,43,lost
RUS,GEO,19,13,Home,27,lost
RUS,URU,20,16,Away,15,lost
RUS,NAM,20,22,Neutral,14,won
RUS,ITA,20,14,Away,5,lost
SCO,WAL,9,8,Away,814,lost
SCO,ENG,9,1,Home,813,lost
SCO,ITA,9,11,Away,811,lost
SCO,FRA,9,4,Home,809,lost
SCO,IRE,9,6,Away,808,lost
SCO,SAM,9,10,Neutral,798,won
SCO,AUS,9,3,Away,797,lost
SCO,AUS,9,3,Away,796,lost
SCO,AUS,9,2,Home,776,lost
SCO,JPN,9,18,Neutral,775,won
SCO,AUS,9,2,Home,774,lost
SCO,RSA,9,5,Home,773,lost
SCO,FRA,9,5,Away,763,lost
SCO,IRE,9,6,Home,762,lost
SCO,ITA,9,11,Home,760,won
SCO,WAL,9,8,Home,758,lost
SCO,ENG,9,3,Away,757,lost
SCO,ARG,9,8,Home,723,lost
SCO,SAM,9,12,Home,722,won
SCO,NZL,9,1,Home,721,lost
SCO,FRA,10,3,Home,711,won
SCO,WAL,10,6,Away,710,lost
SCO,ENG,10,5,Home,708,won
SCO,IRE,10,7,Away,706,lost
SCO,ITA,10,12,Away,705,won
SCO,RSA,8,2,Away,693,lost
SCO,RSA,8,2,Away,692,lost
SCO,AUS,7,4,Home,669,lost
SCO,ENG,9,7,Away,659,lost
SCO,WAL,9,8,Home,658,won
SCO,ITA,9,12,Home,656,lost
SCO,IRE,9,5,Home,654,lost
SCO,FRA,9,2,Away,653,lost
SCO,IRE,11,5,Home,632,won
SCO,RSA,11,3,Home,630,lost
SCO,NZL,11,1,Home,626,lost
SCO,ITA,11,9,Neutral,625,won
SCO,ARG,8,4,Neutral,624,lost
SCO,FRA,8,6,Home,607,lost
SCO,WAL,8,10,Away,606,lost
SCO,IRE,8,7,Away,604,lost
SCO,ENG,8,4,Home,602,won
SCO,ITA,8,11,Away,601,lost
SCO,ARG,10,3,Away,589,lost
SCO,ARG,10,3,Away,588,won
SCO,NZL,9,1,Home,567,lost
SCO,RSA,9,2,Home,566,lost
SCO,CAN,9,15,Home,565,won
SCO,WAL,9,5,Home,554,lost
SCO,FRA,9,7,Away,553,lost
SCO,ITA,9,11,Home,551,won
SCO,IRE,9,8,Home,549,lost
SCO,ENG,9,6,Away,548,lost
SCO,FIJ,10,9,Home,514,won
SCO,AUS,10,3,Home,513,won
SCO,ARG,10,6,Home,512,lost
SCO,FRA,9,5,Home,502,lost
SCO,WAL,9,8,Away,501,lost
SCO,ITA,9,11,Away,499,lost
SCO,ENG,9,6,Home,497,lost
SCO,IRE,9,4,Away,496,won
SCO,ARG,9,6,Away,484,won
SCO,ARG,9,6,Away,483,won
SCO,NZL,7,1,Home,462,lost
SCO,RSA,7,3,Home,461,won
SCO,SAM,7,12,Home,460,won
SCO,FRA,7,6,Away,450,lost
SCO,WAL,7,9,Home,449,lost
SCO,IRE,7,5,Home,447,lost
SCO,ENG,7,4,Away,445,lost
SCO,ITA,7,12,Home,444,won
SCO,IRE,9,4,Home,424,won
SCO,ITA,9,12,Home,422,won
SCO,GEO,9,14,Neutral,418,won
SCO,ARG,9,8,Neutral,417,lost
SCO,ENG,9,4,Neutral,416,lost
SCO,ENG,10,5,Home,398,lost
SCO,WAL,10,8,Away,397,lost
SCO,FRA,10,3,Home,395,lost
SCO,IRE,10,6,Away,393,lost
SCO,ITA,10,12,Away,392,lost
SCO,AUS,12,2,Neutral,380,won
SCO,FIJ,12,16,Away,379,won
SCO,SAM,12,10,Away,378,won
SCO,NZL,9,1,Home,358,lost
SCO,RSA,9,2,Home,357,lost
SCO,TON,9,12,Home,356,lost
SCO,ENG,12,5,Away,346,lost
SCO,ITA,12,10,Home,345,won
SCO,IRE,12,6,Home,343,won
SCO,WAL,12,9,Home,341,lost
SCO,FRA,12,4,Away,340,lost
SCO,SAM,10,7,Neutral,328,lost
SCO,RSA,10,2,Away,327,lost
SCO,ITA,10,12,Neutral,326,won
SCO,JPN,9,15,Home,306,won
SCO,RSA,9,2,Home,305,lost
SCO,AUS,9,4,Home,304,lost
SCO,IRE,9,7,Away,294,lost
SCO,ENG,9,4,Home,293,lost
SCO,ITA,9,13,Away,291,won
SCO,FRA,9,5,Home,289,lost
SCO,WAL,9,6,Away,288,lost
SCO,USA,10,18,Away,276,won
SCO,CAN,10,15,Away,275,won
SCO,ARG,10,9,Neutral,274,won
SCO,RSA,10,2,Away,273,lost
SCO,ARG,8,12,Home,254,won
SCO,NZL,8,1,Home,253,lost
SCO,TON,8,13,Home,252,won
SCO,FRA,8,7,Away,241,lost
SCO,WAL,8,6,Home,240,lost
SCO,ITA,8,14,Home,238,lost
SCO,ENG,8,4,Away,236,lost
SCO,IRE,8,3,Home,235,lost
SCO,IRE,10,3,Away,214,lost
SCO,ITA,10,15,Away,213,won
SCO,ITA,10,15,Home,212,won
SCO,FRA,10,7,Away,211,lost
SCO,JPN,10,13,Neutral,208,won
SCO,USA,10,16,Neutral,208,won
SCO,RSA,9,5,Neutral,207,lost
SCO,SAM,9,11,Neutral,206,won
SCO,AUS,9,3,Neutral,205,lost
SCO,ENG,9,8,Home,189,lost
SCO,WAL,9,4,Away,188,lost
SCO,ITA,9,12,Away,186,won
SCO,FRA,9,7,Home,184,won
SCO,IRE,9,6,Away,183,lost
SCO,JPN,9,10,Away,170,won
SCO,JPN,9,10,Away,169,won
SCO,AUS,9,3,Home,149,lost
SCO,ARG,9,7,Home,148,won
SCO,GEO,9,11,Home,147,won
SCO,IRE,7,4,Home,137,won
SCO,FRA,7,8,Away,136,lost
SCO,WAL,7,5,Home,134,won
SCO,ENG,7,2,Away,132,lost
SCO,ITA,7,13,Home,131,won
SCO,ITA,5,15,Neutral,119,won
SCO,AUS,5,3,Away,118,won
SCO,FIJ,5,10,Away,117,lost
SCO,SAM,6,16,Home,97,won
SCO,NZL,6,1,Home,96,lost
SCO,AUS,6,5,Home,95,won
SCO,WAL,5,7,Away,85,lost
SCO,FRA,5,9,Home,84,won
SCO,ENG,5,2,Home,82,won
SCO,IRE,5,3,Away,80,lost
SCO,ITA,5,14,Away,79,won
SCO,CAN,5,21,Away,67,won
SCO,USA,5,15,Away,66,lost
SCO,ARG,5,9,Away,65,won
SCO,WAL,6,3,Away,46,lost
SCO,FIJ,6,10,Home,45,won
SCO,RSA,6,5,Home,44,lost
SCO,ARG,6,9,Home,43,won
SCO,ITA,7,15,Home,33,won
SCO,IRE,7,2,Home,32,lost
SCO,FRA,7,9,Away,30,lost
SCO,WAL,7,3,Home,28,lost
SCO,ENG,7,4,Away,27,lost
SCO,FRA,7,8,Away,5,lost
SCO,FRA,7,8,Home,4,won
SCO,GEO,7,12,Away,3,won
SCO,GEO,7,12,Home,2,won
WAL,SCO,8,9,Home,814,won
WAL,IRE,8,6,Away,813,lost
WAL,FRA,8,4,Home,811,lost
WAL,ENG,8,1,Away,809,lost
WAL,ITA,8,11,Home,808,won
WAL,ARG,8,7,Away,797,lost
WAL,ARG,8,7,Away,796,won
WAL,RSA,8,6,Away,795,lost
WAL,RSA,7,5,Home,776,lost
WAL,NZL,7,1,Home,774,lost
WAL,JPN,7,18,Home,773,won
WAL,ENG,8,3,Home,763,won
WAL,ITA,8,11,Away,762,won
WAL,FRA,8,5,Away,760,won
WAL,SCO,8,9,Away,758,won
WAL,IRE,8,6,Home,757,won
WAL,USA,5,16,Away,746,won
WAL,CAN,5,13,Away,745,won
WAL,NZL,5,1,Home,724,lost
WAL,FIJ,5,10,Home,723,won
WAL,RSA,5,2,Home,722,lost
WAL,AUS,5,3,Home,721,won
WAL,ENG,6,5,Away,711,lost
WAL,SCO,6,10,Home,710,won
WAL,IRE,6,7,Away,708,lost
WAL,ITA,6,12,Home,706,lost
WAL,FRA,6,3,Home,705,lost
WAL,ARG,7,9,Away,693,lost
WAL,ARG,7,9,Away,692,lost
WAL,AUS,9,4,Home,672,lost
WAL,CAN,9,13,Home,670,won
WAL,NZL,9,1,Home,669,lost
WAL,IRE,8,5,Home,659,lost
WAL,SCO,8,9,Away,658,lost
WAL,FRA,8,2,Away,656,lost
WAL,ITA,8,12,Away,654,lost
WAL,ENG,8,7,Home,653,won
WAL,AUS,8,3,Away,643,lost
WAL,AUS,8,3,Away,642,lost
WAL,ENG,8,7,Away,633,lost
WAL,ARG,8,6,Home,631,won
WAL,FRA,8,2,Home,630,lost
WAL,CAN,8,12,Neutral,628,won
WAL,AUS,8,4,Home,627,lost
WAL,JPN,8,18,Home,626,won
WAL,FIJ,8,13,Neutral,625,lost
WAL,RSA,10,3,Home,617,lost
WAL,ENG,10,4,Away,607,won
WAL,SCO,10,8,Home,606,won
WAL,ITA,10,11,Home,604,won
WAL,IRE,10,7,Away,602,won
WAL,FRA,10,6,Home,601,won
WAL,RSA,6,1,Away,589,lost
WAL,RSA,6,1,Away,588,lost
WAL,RSA,6,2,Home,567,lost
WAL,CAN,6,15,Home,566,won
WAL,NZL,6,1,Home,565,lost
WAL,AUS,6,3,Home,564,won
WAL,SCO,5,9,Away,554,won
WAL,ENG,5,6,Home,553,won
WAL,FRA,5,7,Away,551,lost
WAL,ITA,5,11,Away,549,won
WAL,IRE,5,8,Home,548,lost
WAL,CAN,7,15,Away,538,won
WAL,USA,7,19,Away,537,won
WAL,NZL,8,2,Home,515,lost
WAL,SAM,8,11,Home,514,won
WAL,ARG,8,6,Home,513,won
WAL,AUS,8,3,Home,512,lost
WAL,ENG,8,6,Away,502,lost
WAL,SCO,8,9,Home,501,won
WAL,FRA,8,5,Home,499,lost
WAL,IRE,8,4,Away,497,lost
WAL,ITA,8,11,Home,496,won
WAL,RSA,8,2,Home,485,lost
WAL,NZL,8,1,Away,483,lost
WAL,NZL,8,1,Away,482,lost
WAL,AUS,9,2,Home,463,lost
WAL,RSA,9,3,Home,462,lost
WAL,FIJ,9,10,Home,461,lost
WAL,NZL,9,1,Home,460,lost
WAL,ENG,9,4,Home,450,lost
WAL,SCO,9,7,Away,449,won
WAL,ITA,9,12,Away,447,won
WAL,IRE,9,5,Home,445,won
WAL,FRA,9,6,Away,444,lost
WAL,ENG,7,5,Away,424,lost
WAL,ENG,7,5,Home,423,won
WAL,ARG,7,8,Home,422,won
WAL,RSA,7,3,Neutral,419,lost
WAL,SAM,7,11,Neutral,418,won
WAL,NAM,7,20,Neutral,416,won
WAL,FIJ,7,16,Neutral,416,won
WAL,IRE,7,6,Neutral,415,won
WAL,FRA,7,5,Neutral,414,lost
WAL,AUS,7,3,Neutral,413,lost
WAL,AUS,7,3,Home,407,lost
WAL,IRE,8,6,Away,398,won
WAL,SCO,8,10,Home,397,won
WAL,ENG,8,5,Away,395,won
WAL,ITA,8,12,Home,393,won
WAL,FRA,8,3,Home,392,won
WAL,AUS,5,2,Away,380,lost
WAL,AUS,5,2,Away,379,lost
WAL,AUS,5,2,Away,378,lost
WAL,ARG,6,8,Home,358,lost
WAL,SAM,6,10,Home,357,lost
WAL,NZL,6,1,Home,356,lost
WAL,AUS,6,3,Home,355,lost
WAL,IRE,9,6,Home,346,lost
WAL,FRA,9,4,Away,345,won
WAL,ITA,9,10,Away,343,won
WAL,SCO,9,12,Away,341,won
WAL,ENG,9,5,Home,340,won
WAL,JPN,5,15,Away,328,won
WAL,JPN,5,15,Away,327,lost
WAL,RSA,6,2,Home,306,lost
WAL,ARG,6,10,Home,305,won
WAL,TON,6,11,Home,304,won
WAL,AUS,6,4,Home,303,lost
WAL,ITA,6,13,Home,294,won
WAL,IRE,6,7,Away,293,lost
WAL,FRA,6,5,Home,291,won
WAL,ENG,6,4,Away,289,lost
WAL,SCO,6,9,Home,288,won
WAL,RSA,6,2,Away,275,lost
WAL,RSA,6,2,Away,274,lost
WAL,AUS,6,3,Home,254,lost
WAL,FIJ,6,11,Home,253,won
WAL,NZL,6,1,Home,252,lost
WAL,RSA,6,2,Home,251,won
WAL,ENG,6,4,Home,241,lost
WAL,SCO,6,8,Away,240,won
WAL,FRA,6,7,Away,238,won
WAL,IRE,6,3,Home,236,won
WAL,ITA,6,14,Away,235,won
WAL,IRE,5,3,Home,215,lost
WAL,IRE,5,3,Away,212,won
WAL,ITA,5,15,Home,211,won
WAL,URU,5,21,Home,209,won
WAL,ENG,5,4,Away,208,won
WAL,FIJ,2,10,Home,207,won
WAL,AUS,2,3,Neutral,206,lost
WAL,RSA,2,5,Neutral,205,lost
WAL,IRE,4,6,Away,189,lost
WAL,SCO,4,9,Home,188,won
WAL,FRA,4,7,Home,186,won
WAL,ENG,4,8,Away,184,lost
WAL,ITA,4,12,Home,183,won
WAL,ENG,5,4,Away,173,lost
WAL,NZL,5,1,Away,171,lost
WAL,NZL,5,1,Away,170,lost
WAL,NZL,5,1,Away,169,lost
WAL,AUS,5,3,Home,150,lost
WAL,ARG,5,7,Home,149,won
WAL,JPN,5,12,Home,148,won
WAL,RSA,5,4,Home,147,won
WAL,ITA,5,13,Away,137,won
WAL,ENG,5,2,Home,136,lost
WAL,SCO,5,7,Away,134,lost
WAL,IRE,5,4,Home,132,won
WAL,FRA,5,8,Away,131,lost
WAL,TON,8,13,Neutral,118,won
WAL,SAM,8,14,Away,117,won
WAL,AUS,7,5,Home,97,lost
WAL,GEO,7,12,Home,96,won
WAL,NZL,7,1,Home,95,lost
WAL,RSA,7,3,Home,94,won
WAL,SCO,7,5,Home,85,won
WAL,ENG,7,2,Away,84,lost
WAL,IRE,7,3,Away,82,lost
WAL,ITA,7,14,Home,80,won
WAL,FRA,7,9,Home,79,won
WAL,RSA,7,6,Neutral,68,won
WAL,ARG,7,9,Neutral,67,won
WAL,ARG,7,9,Neutral,66,won
WAL,SCO,3,6,Home,46,won
WAL,AUS,3,7,Home,45,won
WAL,TON,3,12,Home,44,won
WAL,RSA,3,5,Home,43,won
WAL,FRA,3,9,Away,33,won
WAL,ITA,3,15,Away,32,won
WAL,ENG,3,4,Home,30,won
WAL,SCO,3,7,Away,28,won
WAL,IRE,3,2,Home,27,won
WAL,ENG,2,4,Away,6,lost
WAL,ENG,2,4,Home,5,won
WAL,IRE,2,3,Home,3,lost
WAL,IRE,2,3,Away,2,lost
AUS,SCO,3,9,Home,797,won
AUS,SCO,3,9,Home,796,won
AUS,ENG,3,1,Home,795,won
AUS,NZL,2,1,Away,792,lost
AUS,RSA,2,5,Home,790,won
AUS,NZL,2,1,Home,789,won
AUS,RSA,2,5,Away,787,lost
AUS,SCO,2,9,Away,776,won
AUS,FRA,2,4,Away,775,lost
AUS,SCO,2,9,Away,774,won
AUS,ENG,2,3,Away,773,won
AUS,SAM,2,11,Home,745,won
AUS,ITA,2,12,Home,743,won
AUS,FRA,2,4,Home,742,won
AUS,RSA,2,3,Home,741,won
AUS,RSA,2,3,Away,739,lost
AUS,RSA,2,3,Away,738,lost
AUS,NZL,2,1,Home,736,lost
AUS,RSA,2,3,Home,735,lost
AUS,NZL,2,1,Away,733,lost
AUS,FRA,3,4,Away,724,lost
AUS,ENG,3,6,Away,723,lost
AUS,IRE,3,7,Away,722,won
AUS,WAL,3,5,Away,721,lost
AUS,ENG,4,6,Home,693,won
AUS,ENG,4,6,Home,692,won
AUS,IRE,4,5,Home,691,won
AUS,NZL,4,1,Away,689,lost
AUS,RSA,4,3,Home,688,won
AUS,NZL,4,1,Home,686,lost
AUS,RSA,4,3,Home,685,won
AUS,NZL,4,1,Away,683,lost
AUS,RSA,4,3,Away,680,lost
AUS,WAL,4,9,Away,672,lost
AUS,ITA,4,12,Away,671,won
AUS,IRE,4,5,Away,670,lost
AUS,SCO,4,7,Away,669,won
AUS,WAL,3,8,Home,643,won
AUS,WAL,3,8,Home,642,won
AUS,FIJ,3,12,Home,641,won
AUS,RSA,3,5,Away,640,lost
AUS,NZL,3,1,Home,638,won
AUS,RSA,4,3,Home,637,won
AUS,NZL,4,1,Away,635,lost
AUS,JPN,4,18,Neutral,628,won
AUS,WAL,4,8,Away,627,won
AUS,FIJ,4,13,Neutral,626,won
AUS,CAN,4,12,Neutral,625,won
AUS,ENG,2,6,Neutral,624,lost
AUS,IRE,4,8,Home,588,won
AUS,FRA,4,7,Home,586,won
AUS,FRA,3,7,Home,585,won
AUS,RSA,3,1,Home,583,won
AUS,NZL,3,2,Home,582,won
AUS,NZL,3,2,Away,581,lost
AUS,RSA,3,1,Away,578,won
AUS,RSA,3,1,Away,577,lost
AUS,NZL,3,2,Home,575,lost
AUS,NZL,3,1,Neutral,568,lost
AUS,ITA,3,10,Away,567,won
AUS,ENG,3,5,Away,566,won
AUS,FRA,3,7,Away,565,won
AUS,WAL,3,6,Away,564,lost
AUS,ITA,3,12,Home,536,won
AUS,ITA,3,12,Home,535,won
AUS,FRA,3,8,Home,534,won
AUS,NZL,3,1,Away,531,lost
AUS,RSA,3,2,Away,528,lost
AUS,NZL,3,1,Home,526,lost
AUS,RSA,3,2,Home,525,lost
AUS,RSA,3,2,Home,524,won
AUS,NZL,3,1,Away,522,lost
AUS,NZL,3,2,Neutral,516,lost
AUS,ENG,3,7,Away,515,won
AUS,IRE,3,4,Away,514,lost
AUS,SCO,3,10,Away,513,lost
AUS,WAL,3,8,Away,512,won
AUS,FIJ,3,10,Home,485,won
AUS,ENG,3,7,Home,484,won
AUS,ENG,3,7,Home,483,lost
AUS,IRE,3,5,Home,482,won
AUS,RSA,3,2,Home,478,won
AUS,NZL,3,1,Home,477,lost
AUS,NZL,3,1,Away,476,lost
AUS,RSA,3,2,Away,473,lost
AUS,RSA,3,2,Away,472,won
AUS,NZL,3,1,Home,471,lost
AUS,NZL,2,1,Neutral,464,won
AUS,WAL,2,9,Away,463,won
AUS,ENG,2,6,Away,462,lost
AUS,ITA,2,11,Away,461,won
AUS,FRA,2,4,Away,460,won
AUS,SAM,2,11,Home,427,lost
AUS,RSA,2,3,Home,426,won
AUS,NZL,2,1,Away,424,lost
AUS,RSA,2,3,Away,423,won
AUS,NZL,2,1,Home,421,won
AUS,ITA,2,12,Neutral,419,won
AUS,IRE,2,4,Neutral,418,lost
AUS,USA,2,17,Neutral,417,won
AUS,RUS,3,21,Neutral,416,won
AUS,RSA,3,2,Neutral,415,won
AUS,NZL,3,1,Away,414,lost
AUS,WAL,3,7,Neutral,413,won
AUS,WAL,3,7,Away,407,won
AUS,SCO,2,12,Neutral,380,lost
AUS,WAL,2,5,Home,380,won
AUS,WAL,2,5,Home,379,won
AUS,WAL,2,5,Home,378,won
AUS,NZL,2,1,Home,370,lost
AUS,NZL,2,1,Away,369,lost
AUS,RSA,2,3,Home,367,won
AUS,ARG,2,8,Home,366,won
AUS,RSA,2,3,Away,364,lost
AUS,ARG,3,8,Away,363,won
AUS,NZL,3,1,Home,361,lost
AUS,FRA,3,5,Away,358,lost
AUS,ENG,3,4,Away,357,won
AUS,ITA,3,11,Away,356,won
AUS,WAL,3,6,Away,355,won
AUS,NZL,3,1,Home,318,lost
AUS,NZL,3,1,Away,317,lost
AUS,RSA,3,2,Home,315,lost
AUS,ARG,3,10,Home,314,won
AUS,RSA,3,2,Away,312,lost
AUS,ARG,4,10,Away,311,won
AUS,NZL,4,1,Away,309,lost
AUS,ENG,4,3,Away,307,lost
AUS,ITA,4,12,Away,306,won
AUS,IRE,4,8,Away,305,won
AUS,SCO,4,9,Away,304,won
AUS,WAL,4,6,Away,303,won
AUS,FRA,3,7,Home,276,won
AUS,FRA,3,7,Home,275,won
AUS,FRA,3,7,Home,274,won
AUS,NZL,3,1,Home,266,lost
AUS,NZL,3,1,Away,265,lost
AUS,RSA,3,2,Home,263,won
AUS,ARG,3,12,Home,262,won
AUS,RSA,3,2,Away,260,lost
AUS,ARG,3,12,Away,259,lost
AUS,NZL,3,1,Home,257,lost
AUS,WAL,3,6,Away,254,won
AUS,FRA,3,7,Away,253,lost
AUS,IRE,3,5,Away,252,lost
AUS,ENG,3,4,Away,251,lost
AUS,RSA,6,2,Home,218,won
AUS,ARG,6,8,Away,217,won
AUS,NZL,6,1,Home,215,won
AUS,NZL,6,1,Away,214,lost
AUS,USA,6,16,Away,211,won
AUS,FIJ,6,11,Neutral,208,won
AUS,URU,6,21,Neutral,208,won
AUS,ENG,3,6,Away,207,won
AUS,WAL,3,2,Neutral,206,won
AUS,SCO,3,9,Neutral,205,won
AUS,ARG,3,8,Neutral,204,won
AUS,NZL,3,1,Neutral,203,lost
AUS,ENG,2,4,Home,171,lost
AUS,ENG,2,4,Home,170,lost
AUS,ENG,2,4,Home,169,lost
AUS,NZL,4,1,Home,161,lost
AUS,NZL,4,1,Away,160,lost
AUS,RSA,4,3,Home,158,won
AUS,ARG,4,9,Home,157,won
AUS,RSA,3,4,Away,155,lost
AUS,ARG,3,7,Neutral,154,won
AUS,NZL,3,1,Away,152,lost
AUS,WAL,3,5,Away,150,won
AUS,SCO,3,9,Away,149,won
AUS,FRA,3,8,Away,148,won
AUS,IRE,3,6,Away,147,lost
AUS,ENG,3,2,Away,146,lost
AUS,FIJ,3,10,Home,119,won
AUS,SCO,3,5,Home,118,lost
AUS,ITA,3,15,Home,117,won
AUS,NZL,4,1,Home,109,lost
AUS,NZL,4,1,Away,108,lost
AUS,RSA,4,5,Home,106,lost
AUS,ARG,4,9,Home,105,won
AUS,RSA,4,5,Away,103,lost
AUS,ARG,5,10,Away,102,won
AUS,NZL,5,1,Home,100,won
AUS,JPN,5,11,Away,98,won
AUS,WAL,5,7,Away,97,won
AUS,ENG,5,2,Away,96,lost
AUS,SCO,5,6,Away,95,lost
AUS,IRE,4,2,Home,67,won
AUS,IRE,4,2,Home,66,lost
AUS,IRE,4,2,Home,65,lost
AUS,NZL,5,1,Home,57,lost
AUS,NZL,5,1,Away,56,lost
AUS,RSA,5,6,Home,54,won
AUS,ARG,5,10,Home,53,lost
AUS,RSA,5,6,Away,51,lost
AUS,ARG,7,9,Away,50,won
AUS,NZL,7,1,Neutral,47,lost
AUS,WAL,7,3,Away,45,lost
AUS,ITA,7,14,Away,44,won
AUS,ENG,7,4,Away,43,lost
AUS,RSA,6,5,Away,9,lost
AUS,ARG,6,10,Home,8,won
AUS,NZL,6,1,Home,6,won
AUS,NZL,6,1,Away,5,lost
AUS,SAM,6,16,Home,2,won
FIJ,SAM,12,10,Home,797,won
FIJ,NZL,10,1,Away,745,lost
FIJ,TON,10,20,Home,743,won
FIJ,SAM,10,12,Away,741,lost
FIJ,SAM,10,12,Home,738,won
FIJ,WAL,10,5,Away,723,lost
FIJ,ITA,10,11,Away,721,lost
FIJ,ITA,11,12,Home,692,won
FIJ,SAM,11,10,Home,691,won
FIJ,JPN,11,20,Away,690,won
FIJ,SAM,12,11,Away,644,lost
FIJ,JPN,12,18,Home,643,won
FIJ,AUS,12,3,Away,641,lost
FIJ,TON,12,16,Home,640,lost
FIJ,JPN,13,18,Neutral,627,won
FIJ,CAN,13,12,Neutral,627,won
FIJ,AUS,13,4,Neutral,626,lost
FIJ,WAL,13,8,Neutral,625,won
FIJ,RSA,9,3,Neutral,624,lost
FIJ,SAM,9,12,Home,589,won
FIJ,JPN,9,18,Away,587,won
FIJ,SAM,9,11,Home,534,won
FIJ,JPN,9,14,Home,533,won
FIJ,SCO,9,10,Away,514,lost
FIJ,IRE,9,4,Away,513,lost
FIJ,AUS,10,3,Away,485,lost
FIJ,JPN,10,13,Home,484,won
FIJ,TON,10,15,Neutral,483,won
FIJ,SAM,10,12,Away,482,lost
FIJ,FRA,10,4,Away,462,lost
FIJ,WAL,10,9,Away,461,lost
FIJ,ITA,10,11,Away,460,lost
FIJ,TON,10,16,Home,429,lost
FIJ,SAM,10,11,Home,428,won
FIJ,JPN,10,13,Home,427,lost
FIJ,NZL,10,1,Away,426,lost
FIJ,TON,10,16,Home,423,won
FIJ,TON,10,16,Home,422,lost
FIJ,NAM,10,20,Neutral,419,won
FIJ,RSA,10,3,Neutral,418,lost
FIJ,SAM,10,11,Neutral,417,lost
FIJ,WAL,16,7,Neutral,416,lost
FIJ,JPN,16,14,Away,380,won
FIJ,SAM,16,10,Neutral,380,lost
FIJ,SCO,16,12,Home,379,lost
FIJ,TON,16,9,Home,378,won
FIJ,ENG,14,4,Away,358,lost
FIJ,GEO,14,15,Away,356,won
FIJ,JPN,13,15,Home,329,won
FIJ,CAN,13,14,Away,328,lost
FIJ,USA,13,16,Neutral,326,won
FIJ,TON,13,11,Neutral,326,won
FIJ,ITA,13,12,Away,305,lost
FIJ,ITA,11,14,Home,276,won
FIJ,TON,11,12,Home,275,won
FIJ,SAM,11,8,Home,274,lost
FIJ,FRA,11,7,Away,254,lost
FIJ,WAL,11,6,Away,253,lost
FIJ,USA,11,18,Neutral,252,won
FIJ,TON,11,12,Home,218,won
FIJ,SAM,11,9,Neutral,217,lost
FIJ,JPN,11,13,Neutral,216,won
FIJ,SAM,11,9,Neutral,215,won
FIJ,CAN,11,17,Neutral,211,won
FIJ,ENG,11,4,Away,209,lost
FIJ,AUS,11,6,Neutral,208,lost
FIJ,WAL,10,2,Away,207,lost
FIJ,URU,10,19,Neutral,206,won
FIJ,TON,11,13,Home,171,won
FIJ,SAM,11,15,Home,170,won
FIJ,GEO,11,12,Home,169,lost
FIJ,ENG,10,2,Away,148,lost
FIJ,JPN,10,12,Neutral,147,won
FIJ,AUS,10,3,Away,119,lost
FIJ,ITA,10,15,Home,118,won
FIJ,SCO,10,5,Home,117,won
FIJ,SAM,10,15,Away,114,won
FIJ,ITA,9,14,Away,97,lost
FIJ,IRE,9,4,Away,96,lost
FIJ,CAN,9,24,Neutral,95,won
FIJ,SAM,10,16,Home,67,won
FIJ,GEO,10,12,Home,66,won
FIJ,TON,10,13,Home,65,lost
FIJ,SCO,10,6,Away,45,lost
FIJ,URU,10,18,Neutral,44,won
FIJ,FRA,10,8,Away,43,won
FIJ,JPN,9,11,Away,8,lost
FIJ,CAN,9,21,Home,7,won
FIJ,SAM,9,16,Home,6,won
FIJ,TON,9,13,Neutral,3,won
NZL,ENG,2,1,Home,797,won
NZL,ENG,2,1,Home,796,won
NZL,ARG,2,7,Home,795,won
NZL,AUS,1,2,Home,792,won
NZL,RSA,1,5,Home,791,won
NZL,AUS,1,2,Away,789,lost
NZL,RSA,1,5,Away,788,lost
NZL,ITA,1,11,Away,775,won
NZL,WAL,1,7,Away,774,won
NZL,FRA,1,4,Away,773,won
NZL,FIJ,1,10,Home,745,won
NZL,RSA,1,3,Away,737,lost
NZL,AUS,1,2,Away,736,won
NZL,RSA,1,3,Home,734,won
NZL,AUS,1,2,Home,733,won
NZL,WAL,1,5,Away,724,won
NZL,IRE,1,7,Away,723,won
NZL,ENG,1,6,Away,722,won
NZL,SCO,1,9,Away,721,won
NZL,IRE,1,5,Home,693,won
NZL,IRE,1,5,Home,692,won
NZL,ARG,1,9,Away,691,won
NZL,AUS,1,4,Home,689,won
NZL,RSA,1,3,Home,687,won
NZL,AUS,1,4,Away,686,won
NZL,AUS,1,4,Home,683,won
NZL,RSA,1,3,Away,682,won
NZL,RSA,1,3,Away,681,lost
NZL,ENG,1,6,Away,672,won
NZL,FRA,1,2,Away,671,won
NZL,FRA,1,2,Away,670,won
NZL,WAL,1,9,Away,669,won
NZL,FRA,1,2,Home,642,won
NZL,FRA,1,2,Home,641,won
NZL,CAN,1,13,Home,640,won
NZL,RSA,1,5,Away,639,won
NZL,AUS,1,3,Away,638,lost
NZL,RSA,1,3,Home,636,won
NZL,AUS,1,4,Home,635,won
NZL,ITA,1,9,Neutral,628,won
NZL,SCO,1,11,Away,626,won
NZL,FRA,1,5,Neutral,624,lost
NZL,IRE,2,8,Home,589,won
NZL,ENG,2,5,Home,588,won
NZL,ENG,2,5,Home,587,won
NZL,RSA,2,1,Home,585,won
NZL,RSA,2,1,Home,584,lost
NZL,AUS,2,3,Away,582,lost
NZL,AUS,2,3,Home,581,won
NZL,RSA,2,1,Away,579,won
NZL,SAM,2,12,Home,576,won
NZL,AUS,2,3,Away,575,won
NZL,AUS,1,3,Neutral,568,won
NZL,SCO,1,9,Away,567,won
NZL,IRE,1,8,Away,566,won
NZL,WAL,1,6,Away,565,won
NZL,ENG,1,5,Away,564,won
NZL,FRA,1,8,Home,536,lost
NZL,FRA,1,8,Home,535,won
NZL,ITA,1,12,Home,534,won
NZL,AUS,1,3,Home,531,won
NZL,RSA,1,2,Away,530,lost
NZL,RSA,1,2,Away,529,lost
NZL,AUS,1,3,Away,526,won
NZL,RSA,1,2,Home,523,lost
NZL,AUS,1,3,Home,522,won
NZL,AUS,2,3,Neutral,516,won
NZL,WAL,2,8,Away,515,won
NZL,ITA,2,12,Away,514,won
NZL,ENG,2,7,Away,513,won
NZL,FRA,2,5,Away,512,won
NZL,IRE,1,5,Home,484,won
NZL,WAL,1,8,Home,483,won
NZL,WAL,1,8,Home,482,won
NZL,RSA,1,2,Home,480,won
NZL,RSA,1,2,Home,479,won
NZL,AUS,1,3,Away,477,won
NZL,AUS,1,3,Home,476,won
NZL,RSA,1,2,Away,474,won
NZL,AUS,1,3,Away,471,won
NZL,AUS,1,2,Neutral,464,lost
NZL,ENG,1,6,Away,463,won
NZL,SCO,1,7,Away,462,won
NZL,IRE,1,5,Away,461,won
NZL,WAL,1,9,Away,460,won
NZL,FIJ,1,10,Home,426,won
NZL,RSA,1,3,Home,425,won
NZL,AUS,1,2,Home,424,won
NZL,RSA,1,3,Away,422,lost
NZL,AUS,1,2,Away,421,lost
NZL,TON,1,16,Home,419,won
NZL,JPN,1,13,Home,418,won
NZL,FRA,1,6,Home,417,won
NZL,CAN,1,12,Home,416,won
NZL,ARG,1,8,Home,415,won
NZL,AUS,1,3,Home,414,won
NZL,FRA,1,5,Home,413,won
NZL,IRE,1,8,Home,380,won
NZL,IRE,1,8,Home,379,won
NZL,IRE,1,8,Home,378,won
NZL,AUS,1,2,Away,370,won
NZL,AUS,1,2,Home,369,won
NZL,ARG,1,8,Home,367,won
NZL,RSA,1,3,Home,366,won
NZL,ARG,1,8,Away,364,won
NZL,RSA,1,2,Away,363,won
NZL,AUS,1,3,Away,361,lost
NZL,SCO,1,9,Away,358,won
NZL,ITA,1,11,Away,357,won
NZL,WAL,1,6,Away,356,won
NZL,ENG,1,4,Away,355,lost
NZL,FRA,1,6,Home,328,won
NZL,FRA,1,6,Home,327,won
NZL,FRA,1,6,Home,326,won
NZL,AUS,1,3,Away,318,won
NZL,AUS,1,3,Home,317,won
NZL,ARG,1,10,Home,315,won
NZL,RSA,1,2,Home,314,won
NZL,ARG,1,10,Away,312,won
NZL,RSA,1,2,Away,311,won
NZL,AUS,1,4,Home,309,won
NZL,JPN,1,15,Away,307,won
NZL,FRA,1,5,Away,306,won
NZL,ENG,1,3,Away,305,won
NZL,IRE,1,8,Away,304,won
NZL,ENG,1,4,Home,276,won
NZL,ENG,1,4,Home,275,won
NZL,ENG,1,4,Home,274,won
NZL,AUS,1,3,Away,266,lost
NZL,AUS,1,3,Home,265,won
NZL,ARG,1,12,Home,263,won
NZL,RSA,1,2,Home,262,won
NZL,ARG,1,12,Away,260,won
NZL,RSA,1,2,Away,259,lost
NZL,AUS,1,3,Away,257,won
NZL,USA,1,18,Away,255,won
NZL,ENG,1,4,Away,254,won
NZL,SCO,1,8,Away,253,won
NZL,WAL,1,6,Away,252,won
NZL,SAM,1,9,Away,219,won
NZL,ARG,1,8,Home,218,won
NZL,RSA,1,2,Away,217,won
NZL,AUS,1,6,Away,215,lost
NZL,AUS,1,6,Home,214,won
NZL,ARG,1,8,Neutral,209,won
NZL,NAM,1,22,Neutral,208,won
NZL,GEO,1,15,Neutral,207,won
NZL,TON,1,13,Neutral,206,won
NZL,FRA,1,7,Neutral,205,won
NZL,RSA,1,5,Neutral,204,won
NZL,AUS,1,3,Neutral,203,won
NZL,WAL,1,5,Home,171,won
NZL,WAL,1,5,Home,170,won
NZL,WAL,1,5,Home,169,won
NZL,AUS,1,4,Away,161,won
NZL,AUS,1,4,Home,160,won
NZL,ARG,1,9,Home,158,won
NZL,RSA,1,3,Home,157,won
NZL,ARG,1,7,Away,155,won
NZL,RSA,1,4,Away,154,won
NZL,AUS,1,3,Home,152,won
NZL,IRE,1,6,Neutral,150,lost
NZL,ITA,1,13,Away,149,won
NZL,IRE,1,6,Away,148,won
NZL,FRA,1,8,Away,147,won
NZL,SAM,1,14,Home,118,won
NZL,AUS,1,4,Away,109,won
NZL,AUS,1,4,Home,108,won
NZL,ARG,1,9,Home,106,won
NZL,RSA,1,5,Home,105,won
NZL,ARG,1,9,Away,103,won
NZL,RSA,1,3,Away,102,won
NZL,AUS,1,5,Away,100,lost
NZL,FRA,1,8,Away,97,won
NZL,SCO,1,6,Away,96,won
NZL,WAL,1,7,Away,95,won
NZL,FRA,1,8,Home,67,won
NZL,FRA,1,8,Home,66,won
NZL,FRA,1,8,Home,65,won
NZL,AUS,1,5,Away,57,won
NZL,AUS,1,5,Home,56,won
NZL,ARG,1,10,Home,54,won
NZL,RSA,1,6,Home,53,lost
NZL,ARG,1,10,Away,51,won
NZL,RSA,1,5,Away,50,won
NZL,AUS,1,7,Neutral,47,won
NZL,JPN,1,11,Away,46,won
NZL,ENG,1,4,Away,45,won
NZL,IRE,1,2,Away,44,lost
NZL,ITA,1,14,Away,43,won
NZL,ARG,1,10,Away,9,won
NZL,RSA,1,5,Home,8,lost
NZL,AUS,1,6,Away,6,lost
NZL,AUS,1,6,Home,5,won
NZL,TON,1,13,Home,2,won
SAM,TON,10,18,Home,799,won
SAM,SCO,10,9,Neutral,798,lost
SAM,FIJ,10,12,Away,797,lost
SAM,AUS,11,2,Away,745,lost
SAM,TON,12,20,Home,742,won
SAM,FIJ,12,10,Home,741,won
SAM,FIJ,12,10,Away,738,lost
SAM,SCO,12,9,Away,722,lost
SAM,ENG,12,6,Away,721,lost
SAM,ARG,12,8,Away,720,won
SAM,JPN,10,17,Neutral,692,won
SAM,FIJ,10,11,Away,691,lost
SAM,FIJ,11,12,Home,644,won
SAM,RSA,11,5,Away,641,lost
SAM,JPN,11,18,Away,640,won
SAM,TON,11,16,Home,639,won
SAM,RSA,10,3,Neutral,628,lost
SAM,TON,10,15,Neutral,627,lost
SAM,ENG,10,7,Neutral,626,lost
SAM,USA,10,14,Neutral,625,won
SAM,FIJ,12,9,Away,589,lost
SAM,JPN,12,16,Home,585,won
SAM,NZL,12,2,Away,576,lost
SAM,JPN,11,16,Neutral,535,won
SAM,TON,11,14,Neutral,534,won
SAM,FIJ,11,9,Away,534,lost
SAM,WAL,11,8,Away,514,lost
SAM,FRA,11,5,Away,513,lost
SAM,ITA,11,12,Away,512,lost
SAM,TON,12,15,Home,484,won
SAM,JPN,12,13,Home,483,lost
SAM,FIJ,12,10,Home,482,won
SAM,JPN,12,13,Away,464,won
SAM,IRE,12,5,Away,462,lost
SAM,ENG,12,6,Away,461,lost
SAM,SCO,12,7,Away,460,lost
SAM,JPN,11,13,Away,429,won
SAM,FIJ,11,10,Away,428,lost
SAM,TON,11,16,Neutral,427,lost
SAM,AUS,11,2,Away,427,won
SAM,NAM,11,20,Neutral,418,won
SAM,WAL,11,7,Neutral,418,lost
SAM,FIJ,11,10,Neutral,417,won
SAM,RSA,11,3,Neutral,416,lost
SAM,TON,10,9,Neutral,380,won
SAM,FIJ,10,16,Neutral,380,won
SAM,JPN,10,14,Away,379,won
SAM,SCO,10,12,Home,378,lost
SAM,CAN,10,13,Neutral,358,won
SAM,WAL,10,6,Away,357,won
SAM,FRA,10,5,Away,356,lost
SAM,SCO,7,10,Neutral,328,won
SAM,ITA,7,12,Neutral,327,won
SAM,RSA,7,2,Away,326,lost
SAM,IRE,7,8,Away,306,lost
SAM,GEO,7,16,Away,304,lost
SAM,JPN,8,13,Away,277,lost
SAM,TON,8,12,Home,276,lost
SAM,ITA,8,14,Home,275,won
SAM,FIJ,8,11,Away,274,won
SAM,ITA,9,14,Away,254,lost
SAM,CAN,9,17,Neutral,253,won
SAM,ENG,9,4,Away,252,lost
SAM,NZL,9,1,Home,219,lost
SAM,USA,9,16,Away,218,won
SAM,FIJ,9,11,Neutral,217,lost
SAM,CAN,9,17,Away,216,won
SAM,FIJ,9,11,Neutral,215,lost
SAM,USA,9,16,Neutral,209,won
SAM,RSA,9,2,Neutral,208,lost
SAM,JPN,11,12,Neutral,207,lost
SAM,SCO,11,9,Neutral,206,lost
SAM,GEO,15,12,Home,171,lost
SAM,FIJ,15,11,Away,170,lost
SAM,TON,15,13,Home,169,won
SAM,FRA,14,8,Away,149,lost
SAM,GEO,14,11,Away,148,lost
SAM,CAN,14,18,Neutral,147,won
SAM,NZL,14,1,Away,118,lost
SAM,WAL,14,8,Home,117,lost
SAM,FIJ,15,10,Home,114,lost
SAM,SCO,16,6,Away,97,lost
SAM,ENG,16,2,Away,95,lost
SAM,FIJ,16,10,Away,67,lost
SAM,TON,16,13,Neutral,66,lost
SAM,USA,16,15,Neutral,45,lost
SAM,GEO,16,13,Away,44,lost
SAM,TON,16,13,Home,8,won
SAM,USA,16,15,Neutral,7,lost
SAM,FIJ,16,9,Away,6,lost
SAM,AUS,16,6,Away,2,lost
TON,SAM,18,10,Away,799,lost
TON,FIJ,20,10,Away,743,lost
TON,SAM,20,12,Away,742,lost
TON,FRA,20,4,Away,722,lost
TON,JPN,20,17,Away,694,won
TON,FIJ,16,12,Away,640,won
TON,SAM,16,11,Away,639,lost
TON,USA,15,14,Neutral,627,won
TON,SAM,15,10,Neutral,627,won
TON,RSA,15,3,Neutral,626,lost
TON,ENG,15,7,Neutral,625,lost
TON,JPN,13,18,Away,588,lost
TON,SAM,14,11,Neutral,534,lost
TON,JPN,14,16,Neutral,534,lost
TON,SAM,15,12,Away,484,lost
TON,FIJ,15,10,Neutral,483,lost
TON,JPN,15,13,Neutral,482,lost
TON,USA,17,16,Neutral,432,won
TON,FIJ,16,10,Away,429,won
TON,JPN,16,13,Neutral,428,lost
TON,SAM,16,11,Neutral,427,won
TON,FIJ,16,10,Away,423,lost
TON,FIJ,16,10,Away,422,won
TON,NZL,16,1,Away,419,lost
TON,FRA,13,5,Neutral,416,won
TON,SAM,9,10,Neutral,380,lost
TON,JPN,9,14,Away,380,won
TON,FIJ,9,16,Away,378,lost
TON,USA,12,17,Neutral,357,won
TON,SCO,12,9,Away,356,won
TON,CAN,11,14,Away,328,lost
TON,USA,11,16,Away,327,won
TON,FIJ,11,13,Neutral,326,lost
TON,WAL,11,6,Away,304,lost
TON,SAM,12,8,Away,276,lost
TON,FIJ,12,11,Away,275,lost
TON,GEO,13,15,Away,254,won
TON,USA,13,18,Neutral,253,won
TON,SCO,13,8,Away,252,lost
TON,FIJ,12,11,Away,218,lost
TON,CAN,12,17,Away,217,won
TON,USA,12,16,Neutral,216,won
TON,JPN,12,13,Neutral,215,won
TON,GEO,12,14,Neutral,209,lost
TON,NAM,12,22,Neutral,207,won
TON,ARG,13,8,Neutral,207,lost
TON,NZL,13,1,Neutral,206,lost
TON,FIJ,13,11,Away,171,lost
TON,GEO,13,12,Neutral,170,lost
TON,SAM,13,15,Away,169,lost
TON,USA,15,17,Neutral,148,won
TON,ITA,15,13,Away,147,won
TON,WAL,13,8,Neutral,118,lost
TON,JPN,13,11,Neutral,96,lost
TON,GEO,13,12,Neutral,67,lost
TON,SAM,13,16,Neutral,66,won
TON,FIJ,13,10,Away,65,won
TON,WAL,12,3,Away,44,lost
TON,GEO,12,13,Away,43,lost
TON,SAM,13,16,Away,8,lost
TON,JPN,13,11,Away,7,lost
TON,CAN,13,21,Neutral,6,won
TON,FIJ,13,9,Neutral,3,lost
TON,NZL,13,1,Away,2,lost
ARG,URU,7,16,Neutral,803,won
ARG,WAL,7,8,Home,797,won
ARG,WAL,7,8,Home,796,lost
ARG,NZL,7,2,Away,795,lost
ARG,FRA,8,4,Away,774,won
ARG,IRE,8,6,Away,773,lost
ARG,RSA,8,5,Home,772,lost
ARG,JPN,8,18,Home,752,won
ARG,URU,8,15,Home,749,won
ARG,ITA,8,12,Home,745,won
ARG,ITA,8,12,Neutral,744,lost
ARG,RSA,8,2,Home,724,lost
ARG,SCO,8,9,Away,723,won
ARG,ITA,8,11,Away,722,won
ARG,SAM,8,12,Home,720,lost
ARG,WAL,9,7,Home,693,won
ARG,WAL,9,7,Home,692,won
ARG,NZL,9,1,Home,691,lost
ARG,URU,8,16,Home,689,won
ARG,ENG,8,6,Away,671,won
ARG,ITA,8,12,Away,670,won
ARG,FRA,8,2,Away,669,lost
ARG,IRE,7,4,Neutral,643,won
ARG,IRE,7,4,Home,642,won
ARG,ITA,7,9,Home,641,won
ARG,WAL,6,8,Away,631,lost
ARG,FRA,6,2,Away,628,won
ARG,GEO,6,17,Neutral,627,won
ARG,NAM,6,25,Neutral,626,won
ARG,IRE,6,5,Neutral,625,won
ARG,SCO,4,8,Neutral,624,won
ARG,RSA,4,3,Neutral,623,lost
ARG,FRA,4,5,Away,622,won
ARG,URU,3,20,Away,590,won
ARG,SCO,3,10,Home,589,won
ARG,SCO,3,10,Home,588,lost
ARG,ITA,3,11,Neutral,586,lost
ARG,RSA,4,1,Away,580,lost
ARG,FRA,4,7,Away,567,lost
ARG,ITA,4,10,Away,566,won
ARG,IRE,4,8,Away,565,lost
ARG,ENG,5,6,Away,537,lost
ARG,ENG,5,6,Home,536,won
ARG,ENG,6,7,Away,514,lost
ARG,WAL,6,8,Away,513,lost
ARG,SCO,6,10,Away,512,won
ARG,URU,6,21,Neutral,487,won
ARG,SCO,6,9,Home,484,lost
ARG,SCO,6,9,Home,483,lost
ARG,FRA,6,4,Home,482,won
ARG,ITA,8,11,Away,462,won
ARG,FRA,8,4,Away,461,lost
ARG,IRE,8,5,Away,460,lost
ARG,URU,8,21,Home,434,won
ARG,WAL,8,7,Away,422,lost
ARG,ENG,8,5,Neutral,419,lost
ARG,SCO,8,9,Neutral,417,won
ARG,GEO,8,14,Neutral,416,won
ARG,NZL,8,1,Away,415,lost
ARG,URU,7,21,Neutral,383,won
ARG,ITA,7,11,Neutral,380,won
ARG,FRA,7,6,Neutral,379,won
ARG,FRA,7,6,Home,378,lost
ARG,RSA,8,3,Away,370,lost
ARG,RSA,8,3,Home,369,lost
ARG,NZL,8,1,Away,367,lost
ARG,AUS,8,2,Away,366,lost
ARG,NZL,8,1,Home,364,lost
ARG,AUS,8,3,Home,363,lost
ARG,WAL,8,6,Away,358,won
ARG,FRA,8,5,Away,357,lost
ARG,IRE,8,7,Away,356,lost
ARG,URU,8,21,Away,334,won
ARG,ENG,8,4,Home,328,lost
ARG,ENG,8,4,Home,327,lost
ARG,GEO,8,17,Neutral,326,won
ARG,RSA,10,2,Away,318,lost
ARG,RSA,10,2,Home,317,lost
ARG,NZL,10,1,Away,315,lost
ARG,AUS,10,3,Away,314,lost
ARG,NZL,10,1,Home,312,lost
ARG,AUS,10,4,Home,311,lost
ARG,ENG,10,3,Away,306,lost
ARG,WAL,10,6,Away,305,lost
ARG,ITA,10,12,Away,304,won
ARG,URU,9,20,Away,279,won
ARG,IRE,9,5,Home,276,lost
ARG,IRE,9,5,Home,275,lost
ARG,SCO,9,10,Neutral,274,lost
ARG,RSA,12,2,Away,266,lost
ARG,RSA,12,2,Home,265,lost
ARG,NZL,12,1,Away,263,lost
ARG,AUS,12,3,Away,262,lost
ARG,NZL,12,1,Home,260,lost
ARG,AUS,12,3,Home,259,won
ARG,SCO,12,8,Away,254,lost
ARG,ITA,12,14,Away,253,won
ARG,FRA,12,7,Away,252,won
ARG,URU,8,20,Away,227,won
ARG,NZL,8,1,Away,218,lost
ARG,AUS,8,6,Home,217,lost
ARG,RSA,8,2,Away,215,won
ARG,RSA,8,2,Home,214,lost
ARG,NZL,8,1,Neutral,209,lost
ARG,GEO,8,14,Neutral,208,won
ARG,TON,8,13,Neutral,207,won
ARG,NAM,8,20,Neutral,206,won
ARG,IRE,8,4,Neutral,205,won
ARG,AUS,8,3,Neutral,204,lost
ARG,RSA,8,5,Neutral,203,lost
ARG,ITA,6,14,Neutral,171,won
ARG,FRA,6,8,Home,170,won
ARG,FRA,6,8,Home,169,lost
ARG,RSA,9,3,Away,161,lost
ARG,RSA,9,3,Home,160,won
ARG,NZL,9,1,Away,158,lost
ARG,AUS,9,4,Away,157,lost
ARG,NZL,7,1,Home,155,lost
ARG,AUS,7,3,Neutral,154,lost
ARG,JPN,7,12,Away,150,won
ARG,WAL,7,5,Away,149,lost
ARG,SCO,7,9,Away,148,lost
ARG,ENG,7,2,Away,147,lost
ARG,ENG,9,2,Neutral,119,lost
ARG,ENG,9,2,Neutral,118,lost
ARG,GEO,9,12,Home,117,won
ARG,RSA,9,5,Away,109,lost
ARG,RSA,9,5,Home,108,lost
ARG,NZL,9,1,Away,106,lost
ARG,AUS,9,4,Away,105,lost
ARG,NZL,9,1,Home,103,lost
ARG,AUS,10,5,Home,102,lost
ARG,ENG,10,2,Away,97,lost
ARG,ITA,10,14,Away,96,won
ARG,IRE,10,4,Away,95,lost
ARG,WAL,9,7,Neutral,67,lost
ARG,WAL,9,7,Neutral,66,lost
ARG,SCO,9,5,Home,65,lost
ARG,RSA,10,6,Away,57,lost
ARG,RSA,10,6,Home,56,won
ARG,NZL,10,1,Away,54,lost
ARG,AUS,10,5,Away,53,won
ARG,NZL,10,1,Home,51,lost
ARG,AUS,9,7,Home,50,lost
ARG,IRE,9,2,Away,45,lost
ARG,FRA,9,8,Away,44,lost
ARG,SCO,9,6,Away,43,lost
ARG,NZL,10,1,Home,9,lost
ARG,AUS,10,6,Away,8,lost
ARG,RSA,10,5,Home,6,lost
ARG,RSA,10,5,Away,5,lost
URU,ARG,16,7,Neutral,803,lost
URU,GEO,16,22,Home,777,won
URU,JPN,15,18,Home,753,won
URU,ARG,15,8,Away,749,lost
URU,RSA,15,3,Neutral,745,lost
URU,ARG,16,8,Away,689,lost
URU,USA,16,14,Home,677,lost
URU,USA,16,15,Away,676,lost
URU,ITA,19,9,Home,642,lost
URU,ARG,20,3,Home,590,lost
URU,GEO,20,14,Neutral,588,lost
URU,RUS,20,16,Neutral,587,won
URU,USA,19,20,Away,567,lost
URU,ARG,20,5,Home,539,lost
URU,RUS,20,17,Neutral,535,lost
URU,USA,21,18,Home,514,lost
URU,USA,21,18,Away,513,lost
URU,ARG,21,6,Neutral,487,lost
URU,CAN,21,14,Neutral,485,lost
URU,RUS,21,19,Neutral,483,lost
URU,ARG,21,8,Away,434,lost
URU,ARG,21,7,Neutral,383,lost
URU,RUS,21,22,Neutral,379,lost
URU,ARG,21,8,Home,334,lost
URU,GEO,21,17,Away,327,lost
URU,USA,20,18,Home,287,lost
URU,USA,20,18,Away,286,lost
URU,ARG,20,9,Home,279,lost
URU,RUS,20,19,Neutral,274,won
URU,RUS,19,20,Away,260,lost
URU,RUS,20,19,Home,258,won
URU,ARG,20,8,Home,227,lost
URU,GEO,20,14,Away,223,lost
URU,JPN,21,13,Away,213,lost
URU,JPN,21,13,Away,212,lost
URU,WAL,21,5,Away,209,lost
URU,AUS,21,6,Neutral,208,lost
URU,FIJ,19,10,Neutral,206,lost
URU,ENG,19,6,Away,206,lost
URU,CAN,20,19,Away,189,lost
URU,ARG,20,5,Home,187,lost
URU,USA,20,16,Home,185,won
URU,USA,21,17,Away,137,lost
URU,CAN,21,18,Home,134,won
URU,RUS,21,20,Home,118,won
URU,NAM,18,21,Away,96,won
URU,NAM,18,21,Away,95,won
URU,CAN,18,21,Away,86,won
URU,CAN,18,21,Home,85,won
URU,USA,18,17,Home,81,lost
URU,FIJ,18,10,Neutral,44,lost
URU,CAN,17,20,Home,33,won
URU,USA,17,12,Away,29,won
URU,RUS,16,20,Home,15,won
URU,NAM,16,22,Home,15,lost
