team_1,team_2,cup_match,late_stage,weeks_ago,result
NZL,ITA,1,0,1687,won
AUS,ENG,1,0,1687,won
FRA,SCO,1,0,1687,lost
ROM,ZIM,1,0,1687,won
ARG,FIJ,1,0,1687,lost
USA,JPN,1,0,1687,won
CAN,TON,1,0,1687,won
IRE,WAL,1,0,1686,lost
NZL,FIJ,1,0,1686,won
ARG,ITA,1,0,1686,won
FRA,ROM,1,0,1686,won
WAL,TON,1,0,1686,won
IRE,CAN,1,0,1686,won
ENG,JPN,1,0,1686,won
SCO,ZIM,1,0,1686,won
AUS,USA,1,0,1686,won
FIJ,ITA,1,0,1686,lost
NZL,ARG,1,0,1685,won
SCO,ROM,1,0,1685,won
FRA,ZIM,1,0,1685,won
AUS,JPN,1,0,1685,won
WAL,CAN,1,0,1685,won
ENG,USA,1,0,1685,won
IRE,TON,1,0,1685,won
NZL,SCO,1,1,1685,won
AUS,IRE,1,1,1685,won
FRA,FIJ,1,1,1685,won
ENG,WAL,1,1,1684,lost
AUS,FRA,1,0,1684,lost
NZL,WAL,1,0,1684,won
AUS,WAL,1,0,1683,lost
NZL,FRA,1,1,1683,won
AUS,NZL,0,0,1678,lost
ARG,AUS,0,0,1664,lost
ARG,AUS,0,0,1663,won
FRA,ROM,0,0,1662,won
IRE,SCO,0,0,1653,won
FRA,ENG,0,0,1653,won
SCO,FRA,0,0,1650,won
ENG,WAL,0,0,1650,lost
WAL,SCO,0,0,1648,won
FRA,IRE,0,0,1648,won
SCO,ENG,0,0,1646,lost
IRE,WAL,0,0,1646,lost
WAL,FRA,0,0,1644,lost
ENG,IRE,0,0,1644,won
IRE,ENG,0,0,1639,lost
NZL,WAL,0,0,1634,won
AUS,ENG,0,0,1634,won
NZL,WAL,0,0,1632,won
AUS,ENG,0,0,1632,won
FIJ,ENG,0,0,1631,lost
ARG,FRA,0,0,1631,lost
ARG,FRA,0,0,1630,won
AUS,NZL,0,0,1629,lost
AUS,NZL,0,0,1627,lost
AUS,NZL,0,0,1625,lost
IRE,SAM,0,0,1612,won
ENG,AUS,0,0,1611,won
FRA,ARG,0,0,1611,won
FRA,ARG,0,0,1610,won
WAL,SAM,0,0,1610,won
SCO,AUS,0,0,1609,lost
ROM,FRA,0,0,1608,lost
ITA,AUS,0,0,1607,lost
WAL,ROM,0,0,1606,lost
IRE,ITA,0,0,1603,won
IRE,FRA,0,0,1600,lost
SCO,WAL,0,0,1600,won
ENG,SCO,0,0,1598,lost
WAL,IRE,0,0,1598,lost
IRE,ENG,0,0,1596,lost
FRA,WAL,0,0,1596,won
SCO,IRE,0,0,1594,won
ENG,FRA,0,0,1594,won
WAL,ENG,0,0,1592,won
FRA,SCO,0,0,1592,won
ROM,ENG,0,0,1584,lost
NZL,FRA,0,0,1579,won
ARG,ITA,0,0,1578,won
NZL,FRA,0,0,1577,won
AUS,LIO,0,0,1577,won
AUS,LIO,0,0,1576,lost
NZL,ARG,0,0,1575,won
AUS,LIO,0,0,1575,lost
NZL,ARG,0,0,1573,won
NZL,AUS,0,0,1572,won
RSA,WOR,0,0,1569,won
RSA,WOR,0,0,1568,won
SCO,FIJ,0,0,1560,won
WAL,NZL,0,0,1559,lost
ENG,FIJ,0,0,1559,won
FRA,AUS,0,0,1559,lost
FRA,AUS,0,0,1558,won
IRE,NZL,0,0,1557,lost
SCO,ROM,0,0,1554,won
WAL,FRA,0,0,1548,lost
ENG,IRE,0,0,1548,won
IRE,SCO,0,0,1546,lost
FRA,ENG,0,0,1546,lost
SCO,FRA,0,0,1544,won
ENG,WAL,0,0,1544,won
WAL,SCO,0,0,1542,lost
FRA,IRE,0,0,1542,won
SCO,ENG,0,0,1540,won
IRE,WAL,0,0,1539,won
CAN,ARG,0,0,1538,won
USA,ARG,0,0,1537,lost
FRA,ROM,0,0,1530,lost
NAM,WAL,0,0,1529,lost
AUS,FRA,0,0,1528,won
NAM,WAL,0,0,1528,lost
ARG,CAN,0,0,1527,lost
NZL,SCO,0,0,1527,won
NZL,SCO,0,0,1526,won
AUS,FRA,0,0,1526,won
AUS,FRA,0,0,1525,lost
AUS,USA,0,0,1524,won
NZL,AUS,0,0,1522,won
ARG,ENG,0,0,1521,lost
ARG,ENG,0,0,1520,won
NZL,AUS,0,0,1520,won
NZL,AUS,0,0,1518,lost
ITA,SPA,0,0,1512,won
ITA,ROM,0,0,1511,won
IRE,ARG,0,0,1508,won
ENG,ARG,0,0,1507,won
FRA,NZL,0,0,1507,lost
SCO,ARG,0,0,1506,won
FRA,NZL,0,0,1506,lost
WAL,ENG,0,0,1496,lost
FRA,SCO,0,0,1496,won
IRE,FRA,0,0,1494,lost
SCO,WAL,0,0,1494,won
ENG,SCO,0,0,1492,won
WAL,IRE,0,0,1492,lost
IRE,ENG,0,0,1490,lost
FRA,WAL,0,0,1490,won
SCO,IRE,0,0,1488,won
ENG,FRA,0,0,1488,won
ROM,FRA,0,0,1474,lost
ARG,NZL,0,0,1472,lost
USA,FRA,0,0,1471,lost
ARG,NZL,0,0,1471,lost
USA,FRA,0,0,1470,lost
NAM,IRE,0,0,1470,won
FIJ,ENG,0,0,1470,lost
AUS,WAL,0,0,1469,won
AUS,ENG,0,0,1469,won
NAM,IRE,0,0,1469,won
AUS,NZL,0,0,1467,won
NZL,AUS,0,0,1465,won
ROM,SCO,0,0,1464,won
WAL,FRA,0,0,1463,lost
ENG,NZL,1,0,1459,lost
FRA,ROM,1,0,1459,won
AUS,ARG,1,0,1459,won
SCO,JPN,1,0,1459,won
ITA,USA,1,0,1459,won
CAN,FIJ,1,0,1459,won
IRE,ZIM,1,0,1459,won
WAL,SAM,1,0,1459,lost
ENG,ITA,1,0,1458,won
FRA,FIJ,1,0,1458,won
NZL,USA,1,0,1458,won
IRE,JPN,1,0,1458,won
SCO,ZIM,1,0,1458,won
WAL,ARG,1,0,1458,won
AUS,SAM,1,0,1458,won
CAN,ROM,1,0,1458,won
ENG,USA,1,0,1458,won
SCO,IRE,1,0,1458,won
WAL,AUS,1,0,1458,lost
FIJ,ROM,1,0,1458,lost
FRA,CAN,1,0,1458,won
NZL,ITA,1,0,1458,won
ARG,SAM,1,0,1458,lost
JPN,ZIM,1,0,1457,won
SCO,SAM,1,1,1457,won
FRA,ENG,1,1,1457,lost
IRE,AUS,1,1,1457,lost
NZL,CAN,1,1,1457,won
SCO,ENG,1,0,1456,lost
NZL,AUS,1,0,1456,lost
NZL,SCO,1,0,1455,won
ENG,AUS,1,1,1455,lost
SCO,ENG,0,0,1444,lost
IRE,WAL,0,0,1444,lost
WAL,FRA,0,0,1442,lost
ENG,IRE,0,0,1442,won
IRE,SCO,0,0,1440,lost
FRA,ENG,0,0,1440,lost
SCO,FRA,0,0,1437,won
ENG,WAL,0,0,1437,won
WAL,SCO,0,0,1435,won
FRA,IRE,0,0,1435,won
NZL,WOR,0,0,1431,lost
NZL,WOR,0,0,1430,won
NZL,WOR,0,0,1430,won
FRA,ROM,0,0,1425,won
NZL,IRE,0,0,1425,won
NZL,IRE,0,0,1424,won
AUS,SCO,0,0,1423,won
AUS,SCO,0,0,1422,won
ARG,FRA,0,0,1420,lost
AUS,NZL,0,0,1420,won
ARG,FRA,0,0,1419,lost
AUS,NZL,0,0,1418,won
AUS,NZL,0,0,1417,lost
RSA,NZL,0,0,1414,lost
RSA,AUS,0,0,1413,lost
ENG,CAN,0,0,1405,won
FRA,RSA,0,0,1405,lost
FRA,RSA,0,0,1404,won
SPA,ARG,0,0,1404,lost
IRE,AUS,0,0,1403,lost
ROM,ARG,0,0,1403,lost
ENG,RSA,0,0,1401,won
FRA,ARG,0,0,1401,lost
WAL,AUS,0,0,1400,lost
SCO,IRE,0,0,1392,won
ENG,FRA,0,0,1392,won
WAL,ENG,0,0,1389,won
FRA,SCO,0,0,1389,won
IRE,FRA,0,0,1387,lost
SCO,WAL,0,0,1387,won
ENG,SCO,0,0,1385,won
WAL,IRE,0,0,1385,lost
IRE,ENG,0,0,1383,won
FRA,WAL,0,0,1383,won
ARG,JPN,0,0,1375,won
ROM,FRA,0,0,1374,lost
ZIM,WAL,0,0,1374,lost
ARG,JPN,0,0,1374,won
ZIM,WAL,0,0,1373,lost
NAM,WAL,0,0,1372,lost
NZL,LIO,0,0,1371,won
RSA,FRA,0,0,1369,lost
NZL,LIO,0,0,1369,lost
RSA,FRA,0,0,1368,lost
NZL,LIO,0,0,1368,won
AUS,TON,0,0,1368,won
NZL,AUS,0,0,1366,won
AUS,RSA,0,0,1364,lost
NZL,SAM,0,0,1364,won
AUS,RSA,0,0,1362,won
AUS,RSA,0,0,1361,won
CAN,AUS,0,0,1354,lost
WAL,JPN,0,0,1353,won
FRA,ROM,0,0,1353,won
URU,ARG,0,0,1352,lost
FRA,AUS,0,0,1351,won
ARG,RSA,0,0,1350,lost
FRA,AUS,0,0,1350,lost
WAL,CAN,0,0,1349,lost
ARG,RSA,0,0,1349,lost
IRE,ROM,0,0,1349,won
SCO,NZL,0,0,1348,lost
ENG,NZL,0,0,1347,won
WAL,SCO,0,0,1340,won
FRA,IRE,0,0,1340,won
SCO,ENG,0,0,1337,lost
IRE,WAL,0,0,1337,lost
WAL,FRA,0,0,1335,won
ENG,IRE,0,0,1335,lost
IRE,SCO,0,0,1333,lost
FRA,ENG,0,0,1333,lost
SCO,FRA,0,0,1331,lost
ENG,WAL,0,0,1331,won
ITA,CZR,0,0,1322,won
POR,WAL,0,0,1322,lost
SPA,WAL,0,0,1322,lost
USA,ARG,0,0,1321,lost
ARG,SCO,0,0,1320,won
RSA,ENG,0,0,1320,lost
CAN,FRA,0,0,1320,won
AUS,IRE,0,0,1320,won
ARG,SCO,0,0,1319,won
RSA,ENG,0,0,1319,won
AUS,IRE,0,0,1319,won
CAN,WAL,0,0,1319,lost
AUS,ITA,0,0,1318,won
FIJ,WAL,0,0,1318,lost
ARG,USA,0,0,1317,won
TON,WAL,0,0,1317,lost
AUS,ITA,0,0,1317,won
SAM,WAL,0,0,1317,won
NZL,FRA,0,0,1317,lost
NZL,FRA,0,0,1316,lost
NZL,RSA,0,0,1315,won
NZL,RSA,0,0,1313,won
NZL,RSA,0,0,1311,lost
AUS,SAM,0,0,1311,won
AUS,NZL,0,0,1309,won
ROM,WAL,0,0,1305,lost
ITA,ROM,0,0,1303,won
RSA,ARG,0,0,1302,won
WAL,ITA,0,0,1301,won
RSA,ARG,0,0,1301,won
IRE,USA,0,0,1298,won
ENG,ROM,0,0,1297,won
SCO,RSA,0,0,1296,lost
WAL,RSA,0,0,1295,lost
ENG,CAN,0,0,1293,won
FRA,CAN,0,0,1292,won
IRE,ENG,0,0,1287,lost
FRA,WAL,0,0,1287,won
SCO,CAN,0,0,1287,won
SCO,IRE,0,0,1285,won
ENG,FRA,0,0,1285,won
WAL,ENG,0,0,1283,lost
FRA,SCO,0,0,1283,lost
IRE,FRA,0,0,1281,lost
SCO,WAL,0,0,1281,won
ARG,CAN,0,0,1280,won
ENG,SCO,0,0,1279,won
WAL,IRE,0,0,1279,lost
ROM,FRA,0,0,1276,lost
RSA,SAM,0,0,1275,won
SCO,ROM,0,0,1274,won
NZL,CAN,0,0,1274,won
AUS,ARG,0,0,1273,won
ITA,IRE,0,0,1272,won
AUS,ARG,0,0,1272,won
RSA,AUS,1,0,1269,won
FRA,TON,1,0,1269,won
ROM,CAN,1,0,1269,lost
NZL,IRE,1,0,1269,won
ITA,SAM,1,0,1269,lost
ENG,ARG,1,0,1269,won
WAL,JPN,1,0,1269,won
RSA,ROM,1,0,1268,won
SCO,TON,1,0,1268,won
ARG,SAM,1,0,1268,lost
AUS,CAN,1,0,1268,won
NZL,WAL,1,0,1268,won
ENG,ITA,1,0,1268,won
IRE,JPN,1,0,1268,won
RSA,CAN,1,0,1268,won
AUS,ROM,1,0,1268,won
FRA,SCO,1,0,1268,won
IRE,WAL,1,0,1268,won
ARG,ITA,1,0,1268,lost
ENG,SAM,1,0,1268,won
NZL,JPN,1,0,1268,won
RSA,SAM,1,1,1267,won
FRA,IRE,1,1,1267,won
NZL,SCO,1,1,1267,won
ENG,AUS,1,1,1267,won
RSA,FRA,1,0,1266,won
NZL,ENG,1,0,1266,won
ENG,FRA,1,0,1265,lost
RSA,NZL,1,1,1265,won
NZL,AUS,0,0,1261,won
AUS,NZL,0,0,1260,lost
RSA,WAL,0,0,1255,won
FRA,ITA,0,0,1249,won
ARG,ROM,0,0,1249,won
ARG,ITA,0,0,1248,won
FRA,ROM,0,0,1248,won
ARG,FRA,0,0,1248,lost
ITA,NZL,0,0,1247,lost
WAL,FIJ,0,0,1245,won
FRA,NZL,0,0,1245,won
ITA,RSA,0,0,1245,lost
IRE,FIJ,0,0,1244,won
SCO,SAM,0,0,1244,lost
ENG,RSA,0,0,1244,lost
FRA,NZL,0,0,1244,lost
ENG,SAM,0,0,1240,won
USA,IRE,0,0,1237,lost
WAL,ITA,0,0,1235,won
IRE,SCO,0,0,1235,lost
FRA,ENG,0,0,1235,won
SCO,FRA,0,0,1233,won
ENG,WAL,0,0,1233,won
WAL,SCO,0,0,1231,lost
FRA,IRE,0,0,1231,won
SCO,ENG,0,0,1229,lost
IRE,WAL,0,0,1229,won
WAL,FRA,0,0,1227,won
ENG,IRE,0,0,1227,won
FRA,ROM,0,0,1222,won
NZL,SAM,0,0,1215,won
URU,ARG,0,0,1215,lost
AUS,WAL,0,0,1215,won
NZL,SCO,0,0,1214,won
ARG,FRA,0,0,1213,lost
AUS,WAL,0,0,1213,won
NZL,SCO,0,0,1213,won
ARG,FRA,0,0,1212,lost
AUS,CAN,0,0,1212,won
RSA,FIJ,0,0,1211,won
NZL,AUS,0,0,1211,won
AUS,RSA,0,0,1210,won
SAM,TON,0,0,1210,won
NZL,RSA,0,0,1209,won
AUS,NZL,0,0,1208,lost
RSA,AUS,0,0,1207,won
RSA,NZL,0,0,1206,lost
RSA,NZL,0,0,1205,lost
RSA,NZL,0,0,1204,lost
RSA,NZL,0,0,1203,won
ARG,URU,0,0,1200,won
CAN,ARG,0,0,1200,lost
WAL,FRA,0,0,1199,lost
ITA,WAL,0,0,1198,lost
ITA,AUS,0,0,1195,lost
ARG,RSA,0,0,1193,lost
SCO,AUS,0,0,1193,lost
IRE,SAM,0,0,1192,lost
ARG,RSA,0,0,1192,lost
IRE,AUS,0,0,1191,lost
ENG,ITA,0,0,1191,won
FRA,RSA,0,0,1190,lost
WAL,AUS,0,0,1190,lost
FRA,RSA,0,0,1189,lost
SCO,ITA,0,0,1188,won
ENG,ARG,0,0,1188,won
WAL,RSA,0,0,1188,lost
IRE,ITA,0,0,1185,lost
WAL,USA,0,0,1184,won
IRE,FRA,0,0,1183,lost
SCO,WAL,0,0,1183,lost
ENG,SCO,0,0,1181,won
WAL,IRE,0,0,1181,lost
IRE,ENG,0,0,1179,lost
FRA,WAL,0,0,1179,won
SCO,IRE,0,0,1177,won
ENG,FRA,0,0,1177,lost
WAL,ENG,0,0,1175,lost
FRA,SCO,0,0,1175,won
FRA,ITA,0,0,1174,lost
ARG,ENG,0,0,1164,lost
ROM,FRA,0,0,1164,lost
ARG,ENG,0,0,1163,won
RSA,TON,0,0,1162,won
NZL,FIJ,0,0,1162,won
NZL,ARG,0,0,1161,won
AUS,FRA,0,0,1161,won
RSA,LIO,0,0,1161,lost
NZL,ARG,0,0,1160,won
AUS,FRA,0,0,1160,won
RSA,LIO,0,0,1160,lost
SAM,TON,0,0,1160,won
USA,WAL,0,0,1159,lost
RSA,LIO,0,0,1159,won
NZL,AUS,0,0,1159,won
USA,WAL,0,0,1158,lost
AUS,ENG,0,0,1158,won
CAN,WAL,0,0,1157,lost
RSA,NZL,0,0,1157,lost
AUS,NZL,0,0,1156,lost
AUS,RSA,0,0,1155,won
NZL,RSA,0,0,1154,won
NZL,AUS,0,0,1153,won
RSA,AUS,0,0,1152,won
WAL,ROM,0,0,1151,won
URU,ARG,0,0,1147,lost
FRA,ITA,0,0,1144,won
ARG,ROM,0,0,1144,won
FRA,ROM,0,0,1143,won
ARG,ITA,0,0,1143,lost
FRA,ARG,0,0,1143,won
ARG,AUS,0,0,1142,lost
ARG,AUS,0,0,1141,won
ITA,RSA,0,0,1141,lost
ENG,AUS,0,0,1140,lost
IRE,NZL,0,0,1140,lost
FRA,RSA,0,0,1140,lost
WAL,TON,0,0,1140,won
SCO,AUS,0,0,1139,lost
ENG,NZL,0,0,1139,lost
FRA,RSA,0,0,1139,lost
WAL,NZL,0,0,1138,lost
ENG,RSA,0,0,1138,lost
IRE,CAN,0,0,1138,won
SCO,RSA,0,0,1137,lost
ENG,NZL,0,0,1137,lost
ITA,IRE,0,0,1135,won
ITA,SCO,0,0,1130,won
IRE,SCO,0,0,1128,lost
FRA,ENG,0,0,1128,won
WAL,ITA,0,0,1128,won
SCO,FRA,0,0,1126,lost
ENG,WAL,0,0,1126,won
WAL,SCO,0,0,1124,won
FRA,IRE,0,0,1124,won
IRE,WAL,0,0,1122,lost
SCO,ENG,0,0,1122,lost
ENG,IRE,0,0,1120,won
WAL,FRA,0,0,1120,lost
FIJ,SCO,0,0,1112,won
AUS,ENG,0,0,1111,won
ZIM,WAL,0,0,1111,lost
ARG,FRA,0,0,1110,lost
RSA,IRE,0,0,1110,won
AUS,SCO,0,0,1110,won
NZL,ENG,0,0,1109,won
ARG,FRA,0,0,1109,lost
RSA,IRE,0,0,1109,won
AUS,SCO,0,0,1109,won
RSA,WAL,0,0,1108,won
NZL,ENG,0,0,1108,won
FIJ,FRA,0,0,1108,lost
RSA,ENG,0,0,1107,won
AUS,NZL,0,0,1106,won
AUS,RSA,0,0,1105,lost
NZL,RSA,0,0,1104,lost
NZL,AUS,0,0,1103,lost
ARG,ROM,0,0,1102,won
ARG,USA,0,0,1101,won
RSA,NZL,0,0,1101,won
ARG,URU,0,0,1100,won
ARG,CAN,0,0,1100,won
RSA,AUS,0,0,1100,won
AUS,NZL,0,0,1099,won
JPN,ARG,0,0,1096,won
AUS,FIJ,0,0,1096,won
SAM,TON,0,0,1096,won
AUS,TON,0,0,1095,won
AUS,SAM,0,0,1095,won
ITA,ARG,0,0,1089,won
IRE,GEO,0,0,1088,won
WAL,RSA,0,0,1088,lost
FRA,ARG,0,0,1088,won
IRE,ROM,0,0,1087,won
SCO,RSA,0,0,1087,lost
WAL,ARG,0,0,1087,won
FRA,AUS,0,0,1087,lost
ENG,ITA,0,0,1087,won
ENG,AUS,0,0,1086,lost
IRE,RSA,0,0,1086,lost
ENG,RSA,0,0,1085,won
IRE,FRA,0,0,1076,lost
SCO,WAL,0,0,1076,won
ENG,SCO,0,0,1074,won
WAL,IRE,0,0,1074,lost
IRE,ENG,0,0,1072,lost
FRA,WAL,0,0,1072,lost
SCO,ITA,0,0,1072,won
SCO,IRE,0,0,1070,won
ENG,FRA,0,0,1070,won
ITA,WAL,0,0,1070,lost
FRA,SCO,0,0,1067,lost
IRE,ITA,0,0,1067,won
WAL,ENG,0,0,1067,won
FRA,ROM,0,0,1059,won
ARG,WAL,0,0,1059,lost
SAM,TON,0,0,1059,lost
ARG,WAL,0,0,1058,lost
RSA,ITA,0,0,1058,won
AUS,IRE,0,0,1058,won
SAM,FRA,0,0,1058,lost
TON,FRA,0,0,1057,won
NZL,SAM,0,0,1057,won
RSA,ITA,0,0,1057,won
AUS,IRE,0,0,1057,won
AUS,ENG,0,0,1056,won
NZL,FRA,0,0,1056,won
WAL,RSA,0,0,1056,won
NZL,RSA,0,0,1054,won
AUS,RSA,0,0,1053,won
NZL,AUS,0,0,1052,won
RSA,NZL,0,0,1050,lost
RSA,AUS,0,0,1049,won
SCO,ARG,0,0,1048,lost
WAL,CAN,0,0,1048,won
ENG,USA,0,0,1048,won
IRE,ARG,0,0,1047,won
SCO,ROM,0,0,1047,won
WAL,FRA,0,0,1047,won
ENG,CAN,0,0,1047,won
ITA,FIJ,0,0,1047,lost
AUS,NZL,0,0,1047,won
WAL,ARG,1,0,1042,won
FIJ,NAM,1,0,1042,won
IRE,USA,1,0,1042,won
ENG,ITA,1,0,1042,won
FRA,CAN,1,0,1042,won
SPA,URU,1,0,1042,lost
SCO,RSA,1,0,1042,lost
AUS,ROM,1,0,1042,won
NZL,TON,1,0,1042,won
SAM,JPN,1,0,1042,won
SCO,URU,1,0,1041,won
FRA,NAM,1,0,1041,won
WAL,JPN,1,0,1041,won
ENG,NZL,1,0,1041,lost
FIJ,CAN,1,0,1041,won
USA,ROM,1,0,1041,lost
IRE,AUS,1,0,1041,lost
RSA,SPA,1,0,1041,won
ARG,SAM,1,0,1041,won
ITA,TON,1,0,1041,lost
WAL,SAM,1,0,1040,lost
AUS,USA,1,0,1040,won
NZL,ITA,1,0,1040,won
CAN,NAM,1,0,1040,won
IRE,ROM,1,0,1040,won
ENG,TON,1,0,1040,won
RSA,URU,1,0,1040,won
SCO,SPA,1,0,1040,won
FRA,FIJ,1,0,1040,won
ARG,JPN,1,0,1040,won
SCO,SAM,1,0,1039,won
ENG,FIJ,1,0,1039,won
IRE,ARG,1,0,1039,lost
WAL,AUS,1,1,1039,lost
SCO,NZL,1,1,1039,lost
FRA,ARG,1,1,1039,won
ENG,RSA,1,1,1039,lost
AUS,RSA,1,0,1038,won
NZL,FRA,1,0,1038,lost
NZL,RSA,1,0,1037,lost
AUS,FRA,1,1,1037,won
ITA,SCO,0,0,1024,won
WAL,FRA,0,0,1024,lost
ENG,IRE,0,0,1024,won
IRE,SCO,0,0,1022,won
WAL,ITA,0,0,1022,won
FRA,ENG,0,0,1022,lost
IRE,ITA,0,0,1020,won
SCO,FRA,0,0,1020,lost
ENG,WAL,0,0,1020,won
ITA,ENG,0,0,1018,lost
WAL,SCO,0,0,1018,won
FRA,IRE,0,0,1018,lost
IRE,WAL,0,0,1016,lost
FRA,ITA,0,0,1016,won
SCO,ENG,0,0,1016,won
ROM,FRA,0,0,1008,lost
ARG,IRE,0,0,1007,won
RSA,CAN,0,0,1006,won
USA,IRE,0,0,1006,lost
NZL,TON,0,0,1005,won
AUS,ARG,0,0,1005,won
RSA,ENG,0,0,1005,won
CAN,IRE,0,0,1005,lost
AUS,ARG,0,0,1004,won
NZL,SCO,0,0,1004,won
RSA,ENG,0,0,1004,lost
TON,SAM,0,0,1004,won
NZL,SCO,0,0,1003,won
SAM,ITA,0,0,1002,won
AUS,RSA,0,0,1002,won
FIJ,ITA,0,0,1001,won
AUS,NZL,0,0,1001,lost
NZL,RSA,0,0,1000,won
AUS,RSA,0,0,999,won
NZL,AUS,0,0,998,lost
RSA,NZL,0,0,996,won
RSA,AUS,0,0,995,lost
SCO,USA,0,0,985,won
FRA,AUS,0,0,985,lost
FRA,NZL,0,0,984,lost
IRE,JPN,0,0,984,won
SCO,AUS,0,0,984,lost
WAL,SAM,0,0,984,won
ITA,CAN,0,0,984,lost
ARG,RSA,0,0,984,lost
ENG,AUS,0,0,983,won
SCO,SAM,0,0,983,won
WAL,USA,0,0,983,won
FRA,NZL,0,0,983,won
ITA,ROM,0,0,983,won
IRE,RSA,0,0,983,lost
ITA,NZL,0,0,982,lost
ENG,ARG,0,0,982,won
WAL,RSA,0,0,982,lost
ENG,RSA,0,0,981,won
ITA,IRE,0,0,972,lost
WAL,ENG,0,0,972,lost
FRA,SCO,0,0,972,won
IRE,FRA,0,0,970,won
SCO,WAL,0,0,970,lost
ENG,ITA,0,0,970,won
ENG,SCO,0,0,968,won
ITA,FRA,0,0,968,lost
SCO,ITA,0,0,966,won
FRA,WAL,0,0,966,lost
ENG,FRA,0,0,963,won
ITA,WAL,0,0,963,lost
ARG,URU,0,0,957,won
ARG,USA,0,0,956,won
CAN,ENG,0,0,955,lost
ROM,IRE,0,0,955,lost
SAM,TON,0,0,955,won
CAN,ENG,0,0,954,lost
JPN,WAL,0,0,954,lost
RSA,FRA,0,0,953,lost
NZL,SAM,0,0,953,won
USA,ENG,0,0,953,lost
JPN,WAL,0,0,953,lost
RSA,FRA,0,0,952,won
NZL,ARG,0,0,952,won
TON,SAM,0,0,951,lost
NZL,FRA,0,0,951,won
RSA,ITA,0,0,951,won
AUS,LIO,0,0,951,lost
URU,ITA,0,0,950,lost
AUS,LIO,0,0,950,won
ARG,ITA,0,0,949,won
AUS,LIO,0,0,949,won
RSA,NZL,0,0,948,lost
RSA,AUS,0,0,947,won
NZL,AUS,0,0,945,lost
AUS,RSA,0,0,944,lost
NZL,RSA,0,0,943,won
AUS,NZL,0,0,942,won
WAL,ROM,0,0,939,won
SCO,IRE,0,0,939,won
WAL,IRE,0,0,936,lost
IRE,ENG,0,0,935,won
SPA,AUS,0,0,933,lost
ENG,AUS,0,0,932,won
ITA,FIJ,0,0,932,won
SCO,TON,0,0,932,won
WAL,ARG,0,0,932,lost
FRA,RSA,0,0,932,won
IRE,SAM,0,0,932,won
ITA,RSA,0,0,931,lost
IRE,NZL,0,0,931,lost
WAL,TON,0,0,931,won
ENG,ROM,0,0,931,won
FRA,AUS,0,0,931,won
SCO,ARG,0,0,931,lost
SCO,NZL,0,0,930,lost
ENG,RSA,0,0,930,won
FRA,FIJ,0,0,930,won
ITA,SAM,0,0,930,lost
WAL,AUS,0,0,930,lost
ARG,NZL,0,0,929,lost
USA,RSA,0,0,929,lost
SCO,ENG,0,0,920,lost
FRA,ITA,0,0,920,won
IRE,WAL,0,0,920,won
ITA,SCO,0,0,918,lost
WAL,FRA,0,0,918,lost
ENG,IRE,0,0,918,won
IRE,SCO,0,0,916,won
WAL,ITA,0,0,916,won
FRA,ENG,0,0,916,won
IRE,ITA,0,0,913,won
SCO,FRA,0,0,913,lost
ENG,WAL,0,0,913,won
WAL,SCO,0,0,911,lost
FRA,IRE,0,0,911,won
ITA,ENG,0,0,911,lost
NZL,ITA,0,0,902,won
RSA,WAL,0,0,902,won
NZL,IRE,0,0,901,won
ARG,FRA,0,0,901,won
RSA,WAL,0,0,901,won
CAN,SCO,0,0,901,won
TON,SAM,0,0,901,lost
ARG,ENG,0,0,900,lost
NZL,IRE,0,0,900,won
AUS,FRA,0,0,900,won
USA,SCO,0,0,900,lost
SAM,TON,0,0,899,won
AUS,FRA,0,0,899,won
RSA,ARG,0,0,899,won
NZL,FIJ,0,0,899,won
RSA,SAM,0,0,898,won
NZL,AUS,0,0,897,won
NZL,RSA,0,0,896,won
AUS,RSA,0,0,895,won
AUS,NZL,0,0,894,won
RSA,NZL,0,0,893,lost
RSA,AUS,0,0,892,won
IRE,ROM,0,0,889,won
RUS,IRE,0,0,887,lost
SPA,ITA,0,0,887,lost
IRE,GEO,0,0,886,won
ITA,ROM,0,0,886,won
WAL,ROM,0,0,881,won
ARG,AUS,0,0,881,lost
IRE,AUS,0,0,880,won
SCO,ROM,0,0,880,won
WAL,FIJ,0,0,880,won
ENG,NZL,0,0,880,won
FRA,RSA,0,0,880,won
FRA,NZL,0,0,879,lost
ENG,AUS,0,0,879,won
ITA,ARG,0,0,879,lost
SCO,RSA,0,0,879,won
WAL,CAN,0,0,879,won
IRE,FIJ,0,0,879,won
ITA,AUS,0,0,878,lost
IRE,ARG,0,0,878,won
WAL,NZL,0,0,878,lost
ENG,RSA,0,0,878,won
FRA,CAN,0,0,878,won
SCO,FIJ,0,0,878,won
ITA,WAL,0,0,866,won
ENG,FRA,0,0,866,won
SCO,IRE,0,0,866,lost
ITA,IRE,0,0,865,lost
WAL,ENG,0,0,865,lost
FRA,SCO,0,0,865,won
IRE,FRA,0,0,863,won
SCO,WAL,0,0,863,won
ENG,ITA,0,0,863,won
ENG,SCO,0,0,861,won
WAL,IRE,0,0,861,lost
ITA,FRA,0,0,861,lost
SCO,ITA,0,0,860,won
FRA,WAL,0,0,860,won
IRE,ENG,0,0,860,lost
RSA,SCO,0,0,850,won
AUS,IRE,0,0,850,won
ARG,FRA,0,0,849,won
RSA,SCO,0,0,849,won
AUS,WAL,0,0,849,won
NZL,ENG,0,0,849,lost
TON,IRE,0,0,849,lost
ARG,FRA,0,0,848,won
SAM,IRE,0,0,848,lost
AUS,ENG,0,0,848,lost
NZL,WAL,0,0,848,won
NZL,FRA,0,0,847,won
RSA,ARG,0,0,847,won
RSA,AUS,0,0,845,won
RSA,NZL,0,0,844,lost
AUS,NZL,0,0,843,lost
AUS,RSA,0,0,842,won
NZL,RSA,0,0,841,won
IRE,WAL,0,0,840,won
NZL,AUS,0,0,840,won
ARG,FIJ,0,0,839,won
FRA,ROM,0,0,839,won
SCO,ITA,0,0,839,won
WAL,ENG,0,0,839,lost
WAL,ROM,0,0,838,won
IRE,ITA,0,0,838,won
WAL,SCO,0,0,838,won
FRA,ENG,0,0,838,won
SCO,IRE,0,0,837,lost
ENG,FRA,0,0,837,won
ITA,GEO,0,0,837,won
AUS,ARG,1,0,832,won
RSA,URU,1,0,832,won
NZL,ITA,1,0,832,won
IRE,ROM,1,0,832,won
FRA,FIJ,1,0,832,won
SCO,JPN,1,0,832,won
ENG,GEO,1,0,832,won
WAL,CAN,1,0,832,won
ARG,NAM,1,0,831,won
ITA,TON,1,0,831,won
FIJ,USA,1,0,831,won
SAM,URU,1,0,831,won
NZL,CAN,1,0,831,won
AUS,ROM,1,0,831,won
FRA,JPN,1,0,831,won
ENG,RSA,1,0,831,won
IRE,NAM,1,0,831,won
WAL,TON,1,0,831,won
GEO,SAM,1,0,831,lost
SCO,USA,1,0,830,won
ITA,CAN,1,0,830,won
ARG,ROM,1,0,830,won
FIJ,JPN,1,0,830,won
RSA,GEO,1,0,830,won
NZL,TON,1,0,830,won
AUS,NAM,1,0,830,won
FRA,SCO,1,0,830,won
WAL,ITA,1,0,830,won
ENG,SAM,1,0,830,won
IRE,ARG,1,0,830,won
USA,JPN,1,0,829,won
GEO,URU,1,0,829,lost
CAN,TON,1,0,829,won
NAM,ROM,1,0,829,lost
FRA,USA,1,0,829,won
AUS,IRE,1,0,829,won
SCO,FIJ,1,0,829,won
RSA,SAM,1,0,829,won
NZL,WAL,1,0,829,won
ENG,URU,1,0,829,won
AUS,SCO,1,1,828,won
NZL,RSA,1,1,828,won
FRA,IRE,1,1,828,won
ENG,WAL,1,1,828,won
AUS,NZL,1,0,827,won
ENG,FRA,1,0,827,won
NZL,FRA,1,0,826,won
AUS,ENG,1,1,826,lost
WAL,SCO,0,0,814,won
FRA,IRE,0,0,814,won
ITA,ENG,0,0,814,lost
SCO,ENG,0,0,813,lost
FRA,ITA,0,0,813,won
IRE,WAL,0,0,813,won
ITA,SCO,0,0,811,won
ENG,IRE,0,0,811,lost
WAL,FRA,0,0,811,lost
IRE,ITA,0,0,809,won
ENG,WAL,0,0,809,won
SCO,FRA,0,0,809,lost
IRE,SCO,0,0,808,won
WAL,ITA,0,0,808,won
FRA,ENG,0,0,808,won
SAM,TON,0,0,799,won
SCO,SAM,0,0,798,won
NZL,ENG,0,0,797,won
ARG,WAL,0,0,797,won
RSA,IRE,0,0,797,won
AUS,SCO,0,0,797,won
ARG,WAL,0,0,796,lost
RSA,IRE,0,0,796,won
AUS,SCO,0,0,796,won
NZL,ENG,0,0,796,won
AUS,ENG,0,0,795,won
RSA,WAL,0,0,795,won
NZL,ARG,0,0,795,won
ROM,ITA,0,0,795,won
AUS,PAC,0,0,794,won
USA,FRA,0,0,794,lost
JPN,ITA,0,0,794,lost
CAN,FRA,0,0,793,lost
NZL,PAC,0,0,793,won
NZL,AUS,0,0,792,won
RSA,PAC,0,0,792,won
NZL,RSA,0,0,791,won
AUS,RSA,0,0,790,won
AUS,NZL,0,0,789,won
RSA,NZL,0,0,788,won
RSA,AUS,0,0,787,won
SCO,AUS,0,0,776,lost
WAL,RSA,0,0,776,lost
ITA,CAN,0,0,776,won
WAL,ROM,0,0,775,won
ITA,NZL,0,0,775,lost
IRE,RSA,0,0,775,won
SCO,JPN,0,0,775,won
ENG,CAN,0,0,775,won
FRA,AUS,0,0,775,won
IRE,USA,0,0,774,won
SCO,AUS,0,0,774,lost
WAL,NZL,0,0,774,lost
ENG,RSA,0,0,774,won
FRA,ARG,0,0,774,lost
WAL,JPN,0,0,773,won
ENG,AUS,0,0,773,lost
IRE,ARG,0,0,773,won
SCO,RSA,0,0,773,lost
ITA,USA,0,0,773,won
FRA,NZL,0,0,773,lost
ARG,RSA,0,0,772,lost
FRA,SCO,0,0,763,won
WAL,ENG,0,0,763,won
ITA,IRE,0,0,763,lost
ITA,WAL,0,0,762,lost
SCO,IRE,0,0,762,lost
ENG,FRA,0,0,762,lost
SCO,ITA,0,0,760,won
FRA,WAL,0,0,760,lost
IRE,ENG,0,0,760,won
IRE,FRA,0,0,758,lost
ENG,ITA,0,0,758,won
SCO,WAL,0,0,758,lost
ITA,FRA,0,0,757,lost
WAL,IRE,0,0,757,won
ENG,SCO,0,0,757,won
ARG,JPN,0,0,752,won
LIO,ARG,0,0,747,lost
USA,WAL,0,0,746,lost
ROM,SCO,0,0,746,lost
NZL,FIJ,0,0,745,won
RSA,URU,0,0,745,won
AUS,SAM,0,0,745,won
CAN,WAL,0,0,745,lost
ARG,ITA,0,0,745,won
JPN,IRE,0,0,745,lost
ARG,ITA,0,0,744,lost
RSA,FRA,0,0,744,lost
JPN,IRE,0,0,744,lost
RSA,FRA,0,0,743,won
AUS,ITA,0,0,743,won
NZL,LIO,0,0,743,won
CAN,ARG,0,0,742,won
NZL,LIO,0,0,742,won
AUS,FRA,0,0,742,won
NZL,LIO,0,0,741,won
AUS,RSA,0,0,741,won
RSA,AUS,0,0,739,won
RSA,AUS,0,0,738,won
RSA,NZL,0,0,737,won
AUS,NZL,0,0,736,lost
AUS,RSA,0,0,735,lost
NZL,RSA,0,0,734,won
NZL,AUS,0,0,733,won
WAL,NZL,0,0,724,lost
ARG,RSA,0,0,724,lost
FRA,AUS,0,0,724,won
WAL,FIJ,0,0,723,won
IRE,NZL,0,0,723,lost
ENG,AUS,0,0,723,won
ITA,TON,0,0,723,won
FRA,CAN,0,0,723,won
SCO,ARG,0,0,723,lost
POR,FIJ,0,0,722,lost
ROM,CAN,0,0,722,won
ENG,NZL,0,0,722,lost
IRE,AUS,0,0,722,lost
ITA,ARG,0,0,722,lost
FRA,TON,0,0,722,won
WAL,RSA,0,0,722,lost
SCO,SAM,0,0,722,won
IRE,ROM,0,0,721,won
SCO,NZL,0,0,721,lost
ENG,SAM,0,0,721,won
ITA,FIJ,0,0,721,won
WAL,AUS,0,0,721,won
FRA,RSA,0,0,721,won
ARG,SAM,0,0,720,lost
IRE,ITA,0,0,711,won
ENG,WAL,0,0,711,won
SCO,FRA,0,0,711,won
FRA,IRE,0,0,710,won
ITA,ENG,0,0,710,lost
WAL,SCO,0,0,710,won
FRA,ITA,0,0,708,won
SCO,ENG,0,0,708,won
IRE,WAL,0,0,708,won
WAL,ITA,0,0,706,lost
IRE,SCO,0,0,706,won
FRA,ENG,0,0,706,won
ITA,SCO,0,0,705,lost
WAL,FRA,0,0,705,lost
ENG,IRE,0,0,705,lost
RSA,SCO,0,0,693,won
NZL,IRE,0,0,693,won
JPN,ITA,0,0,693,lost
ARG,WAL,0,0,693,won
AUS,ENG,0,0,693,won
RSA,SCO,0,0,692,won
FIJ,ITA,0,0,692,won
ARG,WAL,0,0,692,won
ROM,FRA,0,0,692,lost
NZL,IRE,0,0,692,won
AUS,ENG,0,0,692,won
RSA,FRA,0,0,691,lost
AUS,IRE,0,0,691,won
ARG,NZL,0,0,691,lost
TON,SAM,0,0,690,lost
ARG,URU,0,0,689,won
NZL,AUS,0,0,689,won
AUS,RSA,0,0,688,won
NZL,RSA,0,0,687,won
AUS,NZL,0,0,686,lost
AUS,RSA,0,0,685,won
NZL,AUS,0,0,683,won
RSA,NZL,0,0,682,lost
RSA,NZL,0,0,681,won
RSA,AUS,0,0,680,won
ITA,POR,0,0,676,won
RUS,ITA,0,0,675,lost
WAL,AUS,0,0,672,lost
ENG,NZL,0,0,672,lost
WAL,PAC,0,0,671,won
ENG,ARG,0,0,671,lost
SCO,ROM,0,0,671,won
ITA,AUS,0,0,671,lost
IRE,RSA,0,0,671,won
FRA,NZL,0,0,671,lost
WAL,CAN,0,0,670,won
ENG,RSA,0,0,670,won
SCO,PAC,0,0,670,won
ITA,ARG,0,0,670,lost
FRA,NZL,0,0,670,lost
IRE,AUS,0,0,670,won
ENG,RSA,0,0,669,lost
SCO,AUS,0,0,669,lost
ITA,CAN,0,0,669,won
FRA,ARG,0,0,669,won
WAL,NZL,0,0,669,lost
IRE,PAC,0,0,669,won
ITA,FRA,0,0,659,lost
ENG,SCO,0,0,659,won
WAL,IRE,0,0,659,lost
ENG,ITA,0,0,658,won
SCO,WAL,0,0,658,won
IRE,FRA,0,0,658,lost
SCO,ITA,0,0,656,lost
IRE,ENG,0,0,656,won
FRA,WAL,0,0,656,won
SCO,IRE,0,0,654,lost
ITA,WAL,0,0,654,won
ENG,FRA,0,0,654,won
ITA,IRE,0,0,653,lost
FRA,SCO,0,0,653,won
WAL,ENG,0,0,653,won
ARG,IRE,0,0,643,won
RSA,ENG,0,0,643,won
AUS,WAL,0,0,643,won
ARG,IRE,0,0,642,won
RSA,ENG,0,0,642,won
URU,ITA,0,0,642,lost
NZL,FRA,0,0,642,won
AUS,WAL,0,0,642,won
ARG,ITA,0,0,641,won
RSA,SAM,0,0,641,won
AUS,FIJ,0,0,641,won
NZL,FRA,0,0,641,won
RSA,AUS,0,0,640,won
NZL,CAN,0,0,640,won
RSA,NZL,0,0,639,lost
SAM,TON,0,0,639,won
AUS,NZL,0,0,638,won
AUS,RSA,0,0,637,won
NZL,RSA,0,0,636,won
NZL,AUS,0,0,635,won
ENG,WAL,0,0,633,won
SCO,IRE,0,0,632,won
ENG,FRA,0,0,632,lost
RSA,NAM,0,0,631,won
ITA,JPN,0,0,631,won
WAL,ARG,0,0,631,won
FRA,ENG,0,0,631,won
IRE,ITA,0,0,630,won
SCO,RSA,0,0,630,lost
WAL,FRA,0,0,630,lost
FRA,ARG,1,0,628,lost
NZL,ITA,1,0,628,won
AUS,JPN,1,0,628,won
ENG,USA,1,0,628,won
WAL,CAN,1,0,628,won
RSA,SAM,1,0,628,won
SCO,POR,1,0,628,won
IRE,NAM,1,0,628,won
ARG,GEO,1,0,627,won
USA,TON,1,0,627,lost
FIJ,JPN,1,0,627,won
ITA,ROM,1,0,627,won
ENG,RSA,1,0,627,lost
NZL,POR,1,0,627,won
WAL,AUS,1,0,627,lost
IRE,GEO,1,0,627,won
FIJ,CAN,1,0,627,won
SAM,TON,1,0,627,lost
FRA,NAM,1,0,627,won
SCO,ROM,1,0,626,won
ITA,POR,1,0,626,won
WAL,JPN,1,0,626,won
FRA,IRE,1,0,626,won
RSA,TON,1,0,626,won
ENG,SAM,1,0,626,won
ARG,NAM,1,0,626,won
AUS,FIJ,1,0,626,won
SCO,NZL,1,0,626,lost
CAN,JPN,1,0,625,lost
ROM,POR,1,0,625,won
GEO,NAM,1,0,625,won
USA,SAM,1,0,625,lost
ENG,TON,1,0,625,won
NZL,ROM,1,0,625,won
AUS,CAN,1,0,625,won
WAL,FIJ,1,0,625,lost
SCO,ITA,1,0,625,won
FRA,GEO,1,0,625,won
IRE,ARG,1,0,625,lost
RSA,USA,1,0,625,won
AUS,ENG,1,1,624,lost
NZL,FRA,1,1,624,lost
RSA,FIJ,1,1,624,won
ARG,SCO,1,1,624,won
FRA,ENG,1,0,623,lost
RSA,ARG,1,0,623,won
FRA,ARG,1,0,622,lost
RSA,ENG,1,1,622,won
WAL,RSA,0,0,617,lost
IRE,ITA,0,0,607,won
ENG,WAL,0,0,607,lost
SCO,FRA,0,0,607,lost
WAL,SCO,0,0,606,won
FRA,IRE,0,0,606,won
ITA,ENG,0,0,606,lost
WAL,ITA,0,0,604,won
IRE,SCO,0,0,604,won
FRA,ENG,0,0,604,lost
IRE,WAL,0,0,602,lost
SCO,ENG,0,0,602,won
FRA,ITA,0,0,602,won
ITA,SCO,0,0,601,won
ENG,IRE,0,0,601,won
WAL,FRA,0,0,601,won
ARG,SCO,0,0,589,won
RSA,WAL,0,0,589,won
NZL,IRE,0,0,589,won
AUS,IRE,0,0,588,won
ARG,SCO,0,0,588,lost
RSA,WAL,0,0,588,won
NZL,ENG,0,0,588,won
RSA,ITA,0,0,587,won
NZL,ENG,0,0,587,won
AUS,FRA,0,0,586,won
ARG,ITA,0,0,586,lost
AUS,FRA,0,0,585,won
NZL,RSA,0,0,585,won
NZL,RSA,0,0,584,lost
AUS,RSA,0,0,583,won
AUS,NZL,0,0,582,won
NZL,AUS,0,0,581,won
RSA,ARG,0,0,580,won
RSA,NZL,0,0,579,lost
RSA,AUS,0,0,578,lost
RSA,AUS,0,0,577,won
NZL,SAM,0,0,576,won
AUS,NZL,0,0,575,lost
NZL,AUS,0,0,568,won
IRE,CAN,0,0,567,won
ENG,PAC,0,0,567,won
WAL,RSA,0,0,567,lost
ITA,AUS,0,0,567,lost
SCO,NZL,0,0,567,lost
FRA,ARG,0,0,567,won
WAL,CAN,0,0,566,won
IRE,NZL,0,0,566,lost
ENG,AUS,0,0,566,lost
SCO,RSA,0,0,566,lost
ITA,ARG,0,0,566,lost
FRA,PAC,0,0,566,won
SCO,CAN,0,0,565,won
IRE,ARG,0,0,565,won
WAL,NZL,0,0,565,lost
ENG,RSA,0,0,565,lost
ITA,PAC,0,0,565,lost
FRA,AUS,0,0,565,lost
ENG,NZL,0,0,564,lost
WAL,AUS,0,0,564,won
ENG,ITA,0,0,554,won
IRE,FRA,0,0,554,won
SCO,WAL,0,0,554,lost
FRA,SCO,0,0,553,won
WAL,ENG,0,0,553,won
ITA,IRE,0,0,553,lost
FRA,WAL,0,0,551,won
ROM,RUS,0,0,551,lost
SCO,ITA,0,0,551,won
IRE,ENG,0,0,551,won
GEO,ROM,0,0,549,won
ITA,WAL,0,0,549,lost
SCO,IRE,0,0,549,lost
ENG,FRA,0,0,549,won
ITA,FRA,0,0,548,lost
ENG,SCO,0,0,548,won
WAL,IRE,0,0,548,lost
RUS,GEO,0,0,548,lost
CAN,IRE,0,0,539,lost
CAN,WAL,0,0,538,lost
USA,IRE,0,0,538,lost
ENG,ARG,0,0,537,won
USA,WAL,0,0,537,lost
ARG,ENG,0,0,536,won
AUS,ITA,0,0,536,won
NZL,FRA,0,0,536,lost
RSA,LIO,0,0,535,won
NZL,FRA,0,0,535,won
AUS,ITA,0,0,535,won
RSA,LIO,0,0,534,won
NZL,ITA,0,0,534,won
AUS,FRA,0,0,534,won
USA,CAN,0,0,533,won
RSA,LIO,0,0,533,lost
CAN,USA,0,0,532,won
NZL,AUS,0,0,531,won
RSA,NZL,0,0,530,won
RSA,NZL,0,0,529,won
RSA,AUS,0,0,528,won
AUS,NZL,0,0,526,lost
AUS,RSA,0,0,525,lost
AUS,RSA,0,0,524,won
NZL,RSA,0,0,523,lost
NZL,AUS,0,0,522,won
NZL,AUS,0,0,516,won
ENG,AUS,0,0,515,lost
WAL,NZL,0,0,515,lost
WAL,SAM,0,0,514,won
FRA,RSA,0,0,514,won
URU,USA,0,0,514,lost
ENG,ARG,0,0,514,won
SCO,FIJ,0,0,514,won
ITA,NZL,0,0,514,lost
IRE,AUS,0,0,514,lost
SCO,AUS,0,0,513,won
USA,URU,0,0,513,won
ENG,NZL,0,0,513,lost
WAL,ARG,0,0,513,won
ITA,RSA,0,0,513,lost
IRE,FIJ,0,0,513,won
FRA,SAM,0,0,513,won
FRA,NZL,0,0,512,lost
SCO,ARG,0,0,512,lost
IRE,RSA,0,0,512,won
ITA,SAM,0,0,512,won
WAL,AUS,0,0,512,lost
IRE,ITA,0,0,502,won
ENG,WAL,0,0,502,won
SCO,FRA,0,0,502,lost
WAL,SCO,0,0,501,won
FRA,IRE,0,0,501,won
ITA,ENG,0,0,501,lost
WAL,FRA,0,0,499,lost
RUS,ROM,0,0,499,lost
ITA,SCO,0,0,499,won
ENG,IRE,0,0,499,lost
ROM,GEO,0,0,497,won
IRE,WAL,0,0,497,won
SCO,ENG,0,0,497,lost
FRA,ITA,0,0,497,won
FRA,ENG,0,0,496,won
GEO,RUS,0,0,496,won
WAL,ITA,0,0,496,won
IRE,SCO,0,0,496,lost
AUS,FIJ,0,0,485,won
WAL,RSA,0,0,485,lost
NZL,IRE,0,0,484,won
AUS,ENG,0,0,484,won
ARG,SCO,0,0,484,lost
RSA,FRA,0,0,484,won
AUS,ENG,0,0,483,lost
ARG,SCO,0,0,483,lost
RSA,ITA,0,0,483,won
NZL,WAL,0,0,483,won
AUS,IRE,0,0,482,won
ARG,FRA,0,0,482,won
RSA,ITA,0,0,482,won
NZL,WAL,0,0,482,won
NZL,RSA,0,0,480,won
NZL,RSA,0,0,479,won
AUS,RSA,0,0,478,won
AUS,NZL,0,0,477,lost
NZL,AUS,0,0,476,won
RSA,NZL,0,0,474,lost
RSA,AUS,0,0,473,won
RSA,AUS,0,0,472,lost
AUS,NZL,0,0,471,lost
NZL,AUS,0,0,464,lost
WAL,AUS,0,0,463,lost
ENG,NZL,0,0,463,lost
IRE,RSA,0,0,463,lost
SCO,NZL,0,0,462,lost
URU,ROM,0,0,462,lost
WAL,RSA,0,0,462,lost
ENG,AUS,0,0,462,won
IRE,SAM,0,0,462,won
ITA,ARG,0,0,462,lost
FRA,FIJ,0,0,462,won
WAL,FIJ,0,0,461,lost
FRA,ARG,0,0,461,won
SCO,RSA,0,0,461,won
ENG,SAM,0,0,461,won
ITA,AUS,0,0,461,lost
IRE,NZL,0,0,461,lost
WAL,NZL,0,0,460,lost
FRA,AUS,0,0,460,lost
ROM,URU,0,0,460,won
ENG,RSA,0,0,460,lost
SCO,SAM,0,0,460,won
ITA,FIJ,0,0,460,won
IRE,ARG,0,0,460,won
WAL,ENG,0,0,450,lost
ITA,IRE,0,0,450,lost
FRA,SCO,0,0,450,won
ENG,ITA,0,0,449,won
SCO,WAL,0,0,449,lost
IRE,FRA,0,0,449,lost
ITA,WAL,0,0,447,lost
ENG,FRA,0,0,447,won
SCO,IRE,0,0,447,lost
ITA,FRA,0,0,445,won
WAL,IRE,0,0,445,won
ENG,SCO,0,0,445,won
SCO,ITA,0,0,444,won
IRE,ENG,0,0,444,won
FRA,WAL,0,0,444,won
AUS,SAM,0,0,427,lost
NZL,FIJ,0,0,426,won
AUS,RSA,0,0,426,won
NZL,RSA,0,0,425,won
NZL,AUS,0,0,424,won
ENG,WAL,0,0,424,won
SCO,IRE,0,0,424,won
RSA,AUS,0,0,423,lost
ITA,JPN,0,0,423,won
WAL,ENG,0,0,423,won
FRA,IRE,0,0,423,won
RSA,NZL,0,0,422,won
WAL,ARG,0,0,422,won
SCO,ITA,0,0,422,won
IRE,FRA,0,0,422,lost
AUS,NZL,0,0,421,won
IRE,ENG,0,0,421,lost
NZL,TON,1,0,419,won
SCO,ROM,1,0,419,won
FIJ,NAM,1,0,419,won
FRA,JPN,1,0,419,won
ARG,ENG,1,0,419,lost
AUS,ITA,1,0,419,won
IRE,USA,1,0,419,won
RSA,WAL,1,0,419,won
SAM,NAM,1,0,418,won
TON,CAN,1,0,418,lost
SCO,GEO,1,0,418,won
RUS,USA,1,0,418,lost
NZL,JPN,1,0,418,won
ARG,ROM,1,0,418,won
RSA,FIJ,1,0,418,won
AUS,IRE,1,0,418,lost
WAL,SAM,1,0,418,won
ENG,GEO,1,0,418,won
FRA,CAN,1,0,418,won
ITA,RUS,1,0,417,won
TON,JPN,1,0,417,won
RSA,NAM,1,0,417,won
AUS,USA,1,0,417,won
ENG,ROM,1,0,417,won
NZL,FRA,1,0,417,won
FIJ,SAM,1,0,417,lost
IRE,RUS,1,0,417,won
ARG,SCO,1,0,417,won
WAL,NAM,1,0,416,won
CAN,JPN,1,0,416,lost
ITA,USA,1,0,416,won
GEO,ROM,1,0,416,won
RSA,SAM,1,0,416,won
AUS,RUS,1,0,416,won
FRA,TON,1,0,416,lost
ENG,SCO,1,0,416,won
ARG,GEO,1,0,416,won
NZL,CAN,1,0,416,won
WAL,FIJ,1,0,416,won
IRE,ITA,1,0,416,won
IRE,WAL,1,1,415,lost
ENG,FRA,1,1,415,lost
RSA,AUS,1,1,415,lost
NZL,ARG,1,1,415,won
WAL,FRA,1,0,414,lost
NZL,AUS,1,0,414,won
WAL,AUS,1,0,413,lost
NZL,FRA,1,1,413,won
WAL,AUS,0,0,407,lost
FRA,ITA,0,0,398,won
SCO,ENG,0,0,398,lost
IRE,WAL,0,0,398,lost
ITA,ENG,0,0,397,lost
WAL,SCO,0,0,397,won
IRE,ITA,0,0,395,won
ENG,WAL,0,0,395,lost
SCO,FRA,0,0,395,lost
FRA,IRE,0,0,394,lost
WAL,ITA,0,0,393,won
IRE,SCO,0,0,393,won
FRA,ENG,0,0,393,lost
ITA,SCO,0,0,392,won
WAL,FRA,0,0,392,won
ENG,IRE,0,0,392,won
AUS,SCO,0,0,380,lost
ARG,ITA,0,0,380,won
RSA,ENG,0,0,380,won
NZL,IRE,0,0,380,won
AUS,WAL,0,0,380,won
CAN,ITA,0,0,379,lost
FIJ,SCO,0,0,379,lost
RSA,ENG,0,0,379,won
ARG,FRA,0,0,379,won
NZL,IRE,0,0,379,won
AUS,WAL,0,0,379,won
AUS,WAL,0,0,378,won
SAM,SCO,0,0,378,lost
RSA,ENG,0,0,378,lost
ARG,FRA,0,0,378,lost
NZL,IRE,0,0,378,won
USA,ITA,0,0,378,lost
AUS,NZL,0,0,370,lost
RSA,ARG,0,0,370,won
ARG,RSA,0,0,369,lost
NZL,AUS,0,0,369,won
AUS,RSA,0,0,367,won
NZL,ARG,0,0,367,won
AUS,ARG,0,0,366,won
NZL,RSA,0,0,366,won
RSA,AUS,0,0,364,won
ARG,NZL,0,0,364,lost
RSA,NZL,0,0,363,lost
ARG,AUS,0,0,363,lost
AUS,NZL,0,0,361,lost
FRA,AUS,0,0,358,won
ENG,FIJ,0,0,358,won
WAL,ARG,0,0,358,lost
ITA,TON,0,0,358,won
IRE,RSA,0,0,358,lost
SCO,NZL,0,0,358,lost
WAL,SAM,0,0,357,lost
ENG,AUS,0,0,357,lost
SCO,RSA,0,0,357,lost
ITA,NZL,0,0,357,lost
FRA,ARG,0,0,357,won
WAL,NZL,0,0,356,lost
IRE,ARG,0,0,356,won
ENG,RSA,0,0,356,lost
SCO,TON,0,0,356,lost
ITA,AUS,0,0,356,lost
FRA,SAM,0,0,356,won
ENG,NZL,0,0,355,won
WAL,AUS,0,0,355,lost
WAL,IRE,0,0,346,lost
ENG,SCO,0,0,346,won
ITA,FRA,0,0,346,won
SCO,ITA,0,0,345,won
FRA,WAL,0,0,345,lost
IRE,ENG,0,0,345,lost
ITA,WAL,0,0,343,lost
ENG,FRA,0,0,343,won
SCO,IRE,0,0,343,won
SCO,WAL,0,0,341,lost
IRE,FRA,0,0,341,lost
ENG,ITA,0,0,341,won
WAL,ENG,0,0,340,won
ITA,IRE,0,0,340,won
FRA,SCO,0,0,340,won
JPN,WAL,0,0,328,lost
SAM,SCO,0,0,328,won
ARG,ENG,0,0,328,lost
USA,IRE,0,0,328,lost
RSA,ITA,0,0,328,won
NZL,FRA,0,0,328,won
JPN,WAL,0,0,327,won
ITA,SAM,0,0,327,lost
ARG,ENG,0,0,327,lost
RSA,SCO,0,0,327,won
NZL,FRA,0,0,327,won
CAN,IRE,0,0,327,lost
JPN,CAN,0,0,326,won
AUS,LIO,0,0,326,lost
ITA,SCO,0,0,326,lost
ARG,GEO,0,0,326,won
RSA,SAM,0,0,326,won
NZL,FRA,0,0,326,won
JPN,USA,0,0,326,won
AUS,LIO,0,0,325,won
AUS,LIO,0,0,324,lost
AUS,NZL,0,0,318,lost
RSA,ARG,0,0,318,won
ARG,RSA,0,0,317,lost
NZL,AUS,0,0,317,won
AUS,RSA,0,0,315,lost
NZL,ARG,0,0,315,won
AUS,ARG,0,0,314,won
NZL,RSA,0,0,314,won
RSA,AUS,0,0,312,won
ARG,NZL,0,0,312,lost
RSA,NZL,0,0,311,lost
ARG,AUS,0,0,311,lost
NZL,AUS,0,0,309,won
ENG,AUS,0,0,307,won
JPN,NZL,0,0,307,lost
FRA,NZL,0,0,306,lost
ITA,AUS,0,0,306,lost
ENG,ARG,0,0,306,won
SCO,JPN,0,0,306,won
WAL,RSA,0,0,306,lost
IRE,SAM,0,0,306,won
FRA,TON,0,0,305,won
ITA,FIJ,0,0,305,won
ENG,NZL,0,0,305,lost
WAL,ARG,0,0,305,won
IRE,AUS,0,0,305,lost
SCO,RSA,0,0,305,lost
WAL,TON,0,0,304,won
FRA,RSA,0,0,304,lost
ITA,ARG,0,0,304,lost
SCO,AUS,0,0,304,lost
IRE,NZL,0,0,304,lost
WAL,AUS,0,0,303,lost
WAL,ITA,0,0,294,won
FRA,ENG,0,0,294,won
IRE,SCO,0,0,293,won
IRE,WAL,0,0,293,won
SCO,ENG,0,0,293,lost
FRA,ITA,0,0,293,won
WAL,FRA,0,0,291,won
ITA,SCO,0,0,291,lost
ENG,IRE,0,0,291,won
IRE,ITA,0,0,289,won
SCO,FRA,0,0,289,lost
ENG,WAL,0,0,289,won
ITA,ENG,0,0,288,lost
WAL,SCO,0,0,288,won
FRA,IRE,0,0,288,lost
AUS,FRA,0,0,276,won
FIJ,ITA,0,0,276,won
USA,SCO,0,0,276,lost
ARG,IRE,0,0,276,lost
NZL,ENG,0,0,276,won
AUS,FRA,0,0,275,won
SAM,ITA,0,0,275,won
ARG,IRE,0,0,275,lost
CAN,SCO,0,0,275,lost
RSA,WAL,0,0,275,won
NZL,ENG,0,0,275,won
AUS,FRA,0,0,274,won
JPN,ITA,0,0,274,won
ARG,SCO,0,0,274,lost
RSA,WAL,0,0,274,won
NZL,ENG,0,0,274,won
RSA,SCO,0,0,273,won
AUS,NZL,0,0,266,lost
RSA,ARG,0,0,266,won
NZL,AUS,0,0,265,won
ARG,RSA,0,0,265,lost
AUS,RSA,0,0,263,won
NZL,ARG,0,0,263,won
AUS,ARG,0,0,262,won
NZL,RSA,0,0,262,won
RSA,AUS,0,0,260,won
ARG,NZL,0,0,260,lost
RSA,NZL,0,0,259,won
ARG,AUS,0,0,259,won
AUS,NZL,0,0,257,lost
USA,NZL,0,0,255,lost
CAN,NAM,0,0,254,won
ENG,NZL,0,0,254,lost
SCO,ARG,0,0,254,won
WAL,AUS,0,0,254,lost
ITA,SAM,0,0,254,won
GEO,TON,0,0,254,lost
ROM,USA,0,0,254,lost
IRE,RSA,0,0,254,won
FRA,FIJ,0,0,254,won
CAN,SAM,0,0,253,lost
WAL,FIJ,0,0,253,won
SCO,NZL,0,0,253,lost
FRA,AUS,0,0,253,won
ENG,RSA,0,0,253,lost
ITA,ARG,0,0,253,lost
ROM,JPN,0,0,253,won
USA,TON,0,0,253,lost
IRE,GEO,0,0,253,won
USA,FIJ,0,0,252,lost
ENG,SAM,0,0,252,won
SCO,TON,0,0,252,won
ITA,RSA,0,0,252,lost
POR,NAM,0,0,252,won
IRE,AUS,0,0,252,won
WAL,NZL,0,0,252,lost
ROM,CAN,0,0,252,won
FRA,ARG,0,0,252,lost
GEO,JPN,0,0,252,won
ENG,AUS,0,0,251,won
WAL,RSA,0,0,251,won
WAL,ENG,0,0,241,lost
ITA,IRE,0,0,241,lost
FRA,SCO,0,0,241,won
ENG,ITA,0,0,240,won
IRE,FRA,0,0,240,won
SCO,WAL,0,0,240,lost
SCO,ITA,0,0,238,lost
FRA,WAL,0,0,238,lost
IRE,ENG,0,0,238,won
WAL,IRE,0,0,236,won
ENG,SCO,0,0,236,won
ITA,FRA,0,0,236,lost
ITA,WAL,0,0,235,lost
SCO,IRE,0,0,235,lost
ENG,FRA,0,0,235,won
SAM,NZL,0,0,219,lost
NZL,ARG,0,0,218,won
AUS,RSA,0,0,218,won
ARG,AUS,0,0,217,lost
RSA,NZL,0,0,217,lost
AUS,NZL,0,0,215,won
RSA,ARG,0,0,215,lost
WAL,IRE,0,0,215,lost
ARG,RSA,0,0,214,lost
IRE,SCO,0,0,214,won
NZL,AUS,0,0,214,won
ENG,FRA,0,0,214,won
ITA,SCO,0,0,213,lost
FRA,ENG,0,0,213,won
IRE,WAL,0,0,212,lost
SCO,ITA,0,0,212,won
ENG,IRE,0,0,211,won
WAL,ITA,0,0,211,won
FRA,SCO,0,0,211,won
USA,AUS,0,0,211,lost
ENG,FIJ,1,0,209,won
TON,GEO,1,0,209,lost
RSA,JPN,1,0,209,lost
IRE,CAN,1,0,209,won
FRA,ITA,1,0,209,won
SAM,USA,1,0,209,won
NZL,ARG,1,0,209,won
WAL,URU,1,0,209,won
AUS,FIJ,1,0,208,won
SCO,JPN,1,0,208,won
FRA,ROM,1,0,208,won
NZL,NAM,1,0,208,won
ARG,GEO,1,0,208,won
RSA,SAM,1,0,208,won
ITA,CAN,1,0,208,won
ENG,WAL,1,0,208,lost
AUS,URU,1,0,208,won
SCO,USA,1,0,208,won
IRE,ROM,1,0,208,won
TON,NAM,1,0,207,won
WAL,FIJ,1,0,207,won
FRA,CAN,1,0,207,won
NZL,GEO,1,0,207,won
RSA,SCO,1,0,207,won
SAM,JPN,1,0,207,lost
ENG,AUS,1,0,207,lost
IRE,ITA,1,0,207,won
ARG,TON,1,0,207,won
CAN,ROM,1,0,206,lost
FIJ,URU,1,0,206,won
RSA,USA,1,0,206,won
NAM,GEO,1,0,206,lost
NZL,TON,1,0,206,won
AUS,WAL,1,0,206,won
SCO,SAM,1,0,206,won
ENG,URU,1,0,206,won
ARG,NAM,1,0,206,won
FRA,IRE,1,0,206,lost
ITA,ROM,1,0,206,won
USA,JPN,1,0,206,lost
RSA,WAL,1,1,205,won
NZL,FRA,1,1,205,won
IRE,ARG,1,1,205,lost
AUS,SCO,1,1,205,won
NZL,RSA,1,0,204,won
AUS,ARG,1,0,204,won
RSA,ARG,1,0,203,won
NZL,AUS,1,1,203,won
FRA,ITA,0,0,189,won
SCO,ENG,0,0,189,lost
IRE,WAL,0,0,189,lost
FRA,IRE,0,0,188,won
WAL,SCO,0,0,188,won
ITA,ENG,0,0,188,lost
WAL,FRA,0,0,186,won
ITA,SCO,0,0,186,lost
ENG,IRE,0,0,186,won
IRE,ITA,0,0,184,won
ENG,WAL,0,0,184,won
SCO,FRA,0,0,184,won
WAL,ITA,0,0,183,won
IRE,SCO,0,0,183,won
FRA,ENG,0,0,183,lost
ENG,WAL,0,0,173,won
AUS,ENG,0,0,171,lost
ARG,ITA,0,0,171,won
RSA,IRE,0,0,171,lost
NZL,WAL,0,0,171,won
AUS,ENG,0,0,170,lost
USA,ITA,0,0,170,lost
RSA,IRE,0,0,170,won
JPN,SCO,0,0,170,lost
NZL,WAL,0,0,170,won
ARG,FRA,0,0,170,won
AUS,ENG,0,0,169,lost
ARG,FRA,0,0,169,lost
RSA,IRE,0,0,169,won
JPN,SCO,0,0,169,lost
NZL,WAL,0,0,169,won
CAN,ITA,0,0,169,lost
RSA,ARG,0,0,161,won
AUS,NZL,0,0,161,lost
ARG,RSA,0,0,160,won
NZL,AUS,0,0,160,won
AUS,RSA,0,0,158,won
NZL,ARG,0,0,158,won
AUS,ARG,0,0,157,won
NZL,RSA,0,0,157,won
RSA,AUS,0,0,155,won
ARG,NZL,0,0,155,lost
RSA,NZL,0,0,154,lost
ARG,AUS,0,0,154,lost
NZL,AUS,0,0,152,won
NZL,IRE,0,0,150,lost
WAL,AUS,0,0,150,lost
JPN,ARG,0,0,150,lost
ITA,NZL,0,0,149,lost
SCO,AUS,0,0,149,lost
FRA,SAM,0,0,149,won
ENG,RSA,0,0,149,won
IRE,CAN,0,0,149,won
WAL,ARG,0,0,149,won
IRE,NZL,0,0,148,lost
FRA,AUS,0,0,148,lost
SCO,ARG,0,0,148,won
ITA,RSA,0,0,148,won
WAL,JPN,0,0,148,won
ENG,FIJ,0,0,148,won
ITA,TON,0,0,147,lost
ENG,ARG,0,0,147,won
SCO,GEO,0,0,147,won
IRE,AUS,0,0,147,won
WAL,RSA,0,0,147,won
FRA,NZL,0,0,147,lost
ENG,AUS,0,0,146,won
SCO,IRE,0,0,137,won
ENG,FRA,0,0,137,won
ITA,WAL,0,0,137,lost
ITA,IRE,0,0,136,lost
WAL,ENG,0,0,136,lost
FRA,SCO,0,0,136,won
SCO,WAL,0,0,134,won
IRE,FRA,0,0,134,won
ENG,ITA,0,0,134,won
WAL,IRE,0,0,132,won
ITA,FRA,0,0,132,lost
ENG,SCO,0,0,132,won
SCO,ITA,0,0,131,won
FRA,WAL,0,0,131,won
IRE,ENG,0,0,131,won
JPN,ROM,0,0,119,won
AUS,FIJ,0,0,119,won
CAN,GEO,0,0,119,lost
USA,IRE,0,0,119,lost
ARG,ENG,0,0,119,lost
RSA,FRA,0,0,119,won
ITA,SCO,0,0,119,lost
TON,WAL,0,0,118,lost
NZL,SAM,0,0,118,won
JPN,IRE,0,0,118,lost
FIJ,ITA,0,0,118,won
AUS,SCO,0,0,118,lost
CAN,ROM,0,0,118,lost
ARG,ENG,0,0,118,lost
RSA,FRA,0,0,118,won
USA,GEO,0,0,118,lost
SAM,WAL,0,0,117,lost
FIJ,SCO,0,0,117,won
JPN,IRE,0,0,117,lost
AUS,ITA,0,0,117,won
ARG,GEO,0,0,117,won
RSA,FRA,0,0,117,won
NZL,LIO,0,0,117,won
NZL,LIO,0,0,116,lost
NZL,LIO,0,0,115,lost
RSA,ARG,0,0,109,won
AUS,NZL,0,0,109,lost
ARG,RSA,0,0,108,lost
NZL,AUS,0,0,108,won
AUS,RSA,0,0,106,lost
NZL,ARG,0,0,106,won
NZL,RSA,0,0,105,won
AUS,ARG,0,0,105,won
RSA,AUS,0,0,103,lost
ARG,NZL,0,0,103,lost
RSA,NZL,0,0,102,lost
ARG,AUS,0,0,102,lost
AUS,NZL,0,0,100,won
JPN,AUS,0,0,98,lost
GEO,CAN,0,0,97,won
SCO,SAM,0,0,97,won
ITA,FIJ,0,0,97,won
ENG,ARG,0,0,97,won
WAL,AUS,0,0,97,lost
IRE,RSA,0,0,97,won
FRA,NZL,0,0,97,lost
WAL,GEO,0,0,96,won
ROM,SAM,0,0,96,won
ITA,ARG,0,0,96,lost
ENG,AUS,0,0,96,won
NAM,URU,0,0,96,lost
JPN,TON,0,0,96,won
SCO,NZL,0,0,96,lost
IRE,FIJ,0,0,96,won
FRA,RSA,0,0,96,lost
CAN,FIJ,0,0,95,lost
ITA,RSA,0,0,95,lost
ROM,TON,0,0,95,lost
SCO,AUS,0,0,95,won
ENG,SAM,0,0,95,won
NAM,URU,0,0,95,lost
WAL,NZL,0,0,95,lost
IRE,ARG,0,0,95,won
GEO,USA,0,0,95,won
FRA,JPN,0,0,95,lost
WAL,RSA,0,0,94,won
WAL,SCO,0,0,85,won
FRA,IRE,0,0,85,lost
ITA,ENG,0,0,85,lost
IRE,ITA,0,0,84,won
ENG,WAL,0,0,84,won
SCO,FRA,0,0,84,won
FRA,ITA,0,0,82,won
IRE,WAL,0,0,82,won
SCO,ENG,0,0,82,won
IRE,SCO,0,0,80,won
FRA,ENG,0,0,80,won
WAL,ITA,0,0,80,won
ITA,SCO,0,0,79,lost
ENG,IRE,0,0,79,lost
WAL,FRA,0,0,79,won
RSA,WAL,0,0,68,lost
AUS,IRE,0,0,67,won
ARG,WAL,0,0,67,lost
JPN,ITA,0,0,67,won
CAN,SCO,0,0,67,lost
RSA,ENG,0,0,67,won
NZL,FRA,0,0,67,won
AUS,IRE,0,0,66,lost
ARG,WAL,0,0,66,lost
JPN,ITA,0,0,66,lost
USA,SCO,0,0,66,won
RSA,ENG,0,0,66,won
NZL,FRA,0,0,66,won
AUS,IRE,0,0,65,lost
ARG,SCO,0,0,65,lost
JPN,GEO,0,0,65,won
FIJ,TON,0,0,65,lost
RSA,ENG,0,0,65,lost
NZL,FRA,0,0,65,won
RSA,ARG,0,0,57,won
AUS,NZL,0,0,57,lost
ARG,RSA,0,0,56,won
NZL,AUS,0,0,56,won
AUS,RSA,0,0,54,won
NZL,ARG,0,0,54,won
AUS,ARG,0,0,53,lost
NZL,RSA,0,0,53,lost
ARG,NZL,0,0,51,lost
RSA,AUS,0,0,51,won
RSA,NZL,0,0,50,lost
ARG,AUS,0,0,50,lost
NZL,AUS,0,0,47,won
JPN,NZL,0,0,46,lost
ENG,RSA,0,0,46,won
WAL,SCO,0,0,46,won
IRE,ITA,0,0,46,won
ENG,NZL,0,0,45,lost
FRA,RSA,0,0,45,lost
ITA,GEO,0,0,45,won
SCO,FIJ,0,0,45,won
WAL,AUS,0,0,45,won
IRE,ARG,0,0,45,won
FRA,ARG,0,0,44,won
ITA,AUS,0,0,44,lost
ENG,JPN,0,0,44,won
SCO,RSA,0,0,44,lost
WAL,TON,0,0,44,won
IRE,NZL,0,0,44,won
ITA,NZL,0,0,43,lost
FRA,FIJ,0,0,43,lost
ENG,AUS,0,0,43,won
SCO,ARG,0,0,43,won
WAL,RSA,0,0,43,won
IRE,USA,0,0,43,won
FRA,WAL,0,0,33,lost
SCO,ITA,0,0,33,won
IRE,ENG,0,0,33,lost
SCO,IRE,0,0,32,lost
ITA,WAL,0,0,32,lost
ENG,FRA,0,0,32,won
FRA,SCO,0,0,30,won
WAL,ENG,0,0,30,won
ITA,IRE,0,0,30,lost
SCO,WAL,0,0,28,lost
ENG,ITA,0,0,28,won
IRE,FRA,0,0,28,won
ITA,FRA,0,0,27,lost
WAL,IRE,0,0,27,won
ENG,SCO,0,0,27,lost
RSA,AUS,0,0,9,won
ARG,NZL,0,0,9,lost
AUS,ARG,0,0,8,won
NZL,RSA,0,0,8,lost
ARG,RSA,0,0,6,lost
IRE,ITA,0,0,6,won
AUS,NZL,0,0,6,won
ENG,WAL,0,0,6,won
RSA,ARG,0,0,5,won
WAL,ENG,0,0,5,won
ITA,RUS,0,0,5,won
NZL,AUS,0,0,5,won
FRA,SCO,0,0,5,won
SCO,FRA,0,0,4,won
ENG,IRE,0,0,4,won
FRA,ITA,0,0,3,won
WAL,IRE,0,0,3,lost
GEO,SCO,0,0,3,lost
JPN,RSA,0,0,2,lost
SCO,GEO,0,0,2,won
ENG,ITA,0,0,2,won
AUS,SAM,0,0,2,won
IRE,WAL,0,0,2,won
NZL,TON,0,0,2,won
ITA,NZL,1,0,1687,lost
ENG,AUS,1,0,1687,lost
SCO,FRA,1,0,1687,lost
ZIM,ROM,1,0,1687,lost
FIJ,ARG,1,0,1687,won
JPN,USA,1,0,1687,lost
TON,CAN,1,0,1687,lost
WAL,IRE,1,0,1686,won
FIJ,NZL,1,0,1686,lost
ITA,ARG,1,0,1686,lost
ROM,FRA,1,0,1686,lost
TON,WAL,1,0,1686,lost
CAN,IRE,1,0,1686,lost
JPN,ENG,1,0,1686,lost
ZIM,SCO,1,0,1686,lost
USA,AUS,1,0,1686,lost
ITA,FIJ,1,0,1686,won
ARG,NZL,1,0,1685,lost
ROM,SCO,1,0,1685,lost
ZIM,FRA,1,0,1685,lost
JPN,AUS,1,0,1685,lost
CAN,WAL,1,0,1685,lost
USA,ENG,1,0,1685,lost
TON,IRE,1,0,1685,lost
SCO,NZL,1,1,1685,lost
IRE,AUS,1,1,1685,lost
FIJ,FRA,1,1,1685,lost
WAL,ENG,1,1,1684,won
FRA,AUS,1,0,1684,won
WAL,NZL,1,0,1684,lost
WAL,AUS,1,0,1683,won
FRA,NZL,1,1,1683,lost
NZL,AUS,0,0,1678,won
AUS,ARG,0,0,1664,lost
AUS,ARG,0,0,1663,lost
ROM,FRA,0,0,1662,lost
SCO,IRE,0,0,1653,lost
ENG,FRA,0,0,1653,lost
FRA,SCO,0,0,1650,lost
WAL,ENG,0,0,1650,won
SCO,WAL,0,0,1648,lost
IRE,FRA,0,0,1648,lost
ENG,SCO,0,0,1646,won
WAL,IRE,0,0,1646,won
FRA,WAL,0,0,1644,won
IRE,ENG,0,0,1644,lost
ENG,IRE,0,0,1639,won
WAL,NZL,0,0,1634,lost
ENG,AUS,0,0,1634,lost
WAL,NZL,0,0,1632,lost
ENG,AUS,0,0,1632,lost
ENG,FIJ,0,0,1631,won
FRA,ARG,0,0,1631,won
FRA,ARG,0,0,1630,lost
NZL,AUS,0,0,1629,won
NZL,AUS,0,0,1627,lost
NZL,AUS,0,0,1625,won
SAM,IRE,0,0,1612,lost
AUS,ENG,0,0,1611,lost
ARG,FRA,0,0,1611,lost
ARG,FRA,0,0,1610,lost
SAM,WAL,0,0,1610,lost
AUS,SCO,0,0,1609,won
FRA,ROM,0,0,1608,won
AUS,ITA,0,0,1607,won
ROM,WAL,0,0,1606,won
ITA,IRE,0,0,1603,lost
FRA,IRE,0,0,1600,won
WAL,SCO,0,0,1600,lost
SCO,ENG,0,0,1598,lost
IRE,WAL,0,0,1598,won
ENG,IRE,0,0,1596,won
WAL,FRA,0,0,1596,lost
IRE,SCO,0,0,1594,lost
FRA,ENG,0,0,1594,lost
ENG,WAL,0,0,1592,lost
SCO,FRA,0,0,1592,lost
ENG,ROM,0,0,1584,won
FRA,NZL,0,0,1579,lost
ITA,ARG,0,0,1578,lost
FRA,NZL,0,0,1577,lost
LIO,AUS,0,0,1577,lost
LIO,AUS,0,0,1576,won
ARG,NZL,0,0,1575,lost
LIO,AUS,0,0,1575,won
ARG,NZL,0,0,1573,lost
AUS,NZL,0,0,1572,lost
WOR,RSA,0,0,1569,lost
WOR,RSA,0,0,1568,lost
FIJ,SCO,0,0,1560,lost
NZL,WAL,0,0,1559,won
FIJ,ENG,0,0,1559,lost
AUS,FRA,0,0,1559,won
AUS,FRA,0,0,1558,lost
NZL,IRE,0,0,1557,won
ROM,SCO,0,0,1554,lost
FRA,WAL,0,0,1548,won
IRE,ENG,0,0,1548,lost
SCO,IRE,0,0,1546,won
ENG,FRA,0,0,1546,won
FRA,SCO,0,0,1544,lost
WAL,ENG,0,0,1544,lost
SCO,WAL,0,0,1542,won
IRE,FRA,0,0,1542,lost
ENG,SCO,0,0,1540,lost
WAL,IRE,0,0,1539,lost
ARG,CAN,0,0,1538,lost
ARG,USA,0,0,1537,won
ROM,FRA,0,0,1530,won
WAL,NAM,0,0,1529,won
FRA,AUS,0,0,1528,lost
WAL,NAM,0,0,1528,won
CAN,ARG,0,0,1527,won
SCO,NZL,0,0,1527,lost
SCO,NZL,0,0,1526,lost
FRA,AUS,0,0,1526,lost
FRA,AUS,0,0,1525,won
USA,AUS,0,0,1524,lost
AUS,NZL,0,0,1522,lost
ENG,ARG,0,0,1521,won
ENG,ARG,0,0,1520,lost
AUS,NZL,0,0,1520,lost
AUS,NZL,0,0,1518,won
SPA,ITA,0,0,1512,lost
ROM,ITA,0,0,1511,lost
ARG,IRE,0,0,1508,lost
ARG,ENG,0,0,1507,lost
NZL,FRA,0,0,1507,won
ARG,SCO,0,0,1506,lost
NZL,FRA,0,0,1506,won
ENG,WAL,0,0,1496,won
SCO,FRA,0,0,1496,lost
FRA,IRE,0,0,1494,won
WAL,SCO,0,0,1494,lost
SCO,ENG,0,0,1492,lost
IRE,WAL,0,0,1492,lost
ENG,IRE,0,0,1490,won
WAL,FRA,0,0,1490,lost
IRE,SCO,0,0,1488,lost
FRA,ENG,0,0,1488,lost
FRA,ROM,0,0,1474,won
NZL,ARG,0,0,1472,won
FRA,USA,0,0,1471,won
NZL,ARG,0,0,1471,won
FRA,USA,0,0,1470,won
IRE,NAM,0,0,1470,lost
ENG,FIJ,0,0,1470,won
WAL,AUS,0,0,1469,lost
ENG,AUS,0,0,1469,lost
IRE,NAM,0,0,1469,lost
NZL,AUS,0,0,1467,lost
AUS,NZL,0,0,1465,lost
SCO,ROM,0,0,1464,lost
FRA,WAL,0,0,1463,won
NZL,ENG,1,0,1459,won
ROM,FRA,1,0,1459,lost
ARG,AUS,1,0,1459,lost
JPN,SCO,1,0,1459,lost
USA,ITA,1,0,1459,lost
FIJ,CAN,1,0,1459,lost
ZIM,IRE,1,0,1459,lost
SAM,WAL,1,0,1459,won
ITA,ENG,1,0,1458,lost
FIJ,FRA,1,0,1458,lost
USA,NZL,1,0,1458,lost
JPN,IRE,1,0,1458,lost
ZIM,SCO,1,0,1458,lost
ARG,WAL,1,0,1458,lost
SAM,AUS,1,0,1458,lost
ROM,CAN,1,0,1458,lost
USA,ENG,1,0,1458,lost
IRE,SCO,1,0,1458,lost
AUS,WAL,1,0,1458,won
ROM,FIJ,1,0,1458,won
CAN,FRA,1,0,1458,lost
ITA,NZL,1,0,1458,lost
SAM,ARG,1,0,1458,won
ZIM,JPN,1,0,1457,lost
SAM,SCO,1,1,1457,lost
ENG,FRA,1,1,1457,won
AUS,IRE,1,1,1457,won
CAN,NZL,1,1,1457,lost
ENG,SCO,1,0,1456,won
AUS,NZL,1,0,1456,won
SCO,NZL,1,0,1455,lost
AUS,ENG,1,1,1455,won
ENG,SCO,0,0,1444,won
WAL,IRE,0,0,1444,won
FRA,WAL,0,0,1442,won
IRE,ENG,0,0,1442,lost
SCO,IRE,0,0,1440,won
ENG,FRA,0,0,1440,won
FRA,SCO,0,0,1437,lost
WAL,ENG,0,0,1437,lost
SCO,WAL,0,0,1435,lost
IRE,FRA,0,0,1435,lost
WOR,NZL,0,0,1431,won
WOR,NZL,0,0,1430,lost
WOR,NZL,0,0,1430,lost
ROM,FRA,0,0,1425,lost
IRE,NZL,0,0,1425,lost
IRE,NZL,0,0,1424,lost
SCO,AUS,0,0,1423,lost
SCO,AUS,0,0,1422,lost
FRA,ARG,0,0,1420,won
NZL,AUS,0,0,1420,lost
FRA,ARG,0,0,1419,won
NZL,AUS,0,0,1418,lost
NZL,AUS,0,0,1417,won
NZL,RSA,0,0,1414,won
AUS,RSA,0,0,1413,won
CAN,ENG,0,0,1405,lost
RSA,FRA,0,0,1405,won
RSA,FRA,0,0,1404,lost
ARG,SPA,0,0,1404,won
AUS,IRE,0,0,1403,won
ARG,ROM,0,0,1403,won
RSA,ENG,0,0,1401,lost
ARG,FRA,0,0,1401,won
AUS,WAL,0,0,1400,won
IRE,SCO,0,0,1392,lost
FRA,ENG,0,0,1392,lost
ENG,WAL,0,0,1389,lost
SCO,FRA,0,0,1389,lost
FRA,IRE,0,0,1387,won
WAL,SCO,0,0,1387,lost
SCO,ENG,0,0,1385,lost
IRE,WAL,0,0,1385,won
ENG,IRE,0,0,1383,lost
WAL,FRA,0,0,1383,lost
JPN,ARG,0,0,1375,lost
FRA,ROM,0,0,1374,won
WAL,ZIM,0,0,1374,won
JPN,ARG,0,0,1374,lost
WAL,ZIM,0,0,1373,won
WAL,NAM,0,0,1372,won
LIO,NZL,0,0,1371,lost
FRA,RSA,0,0,1369,lost
LIO,NZL,0,0,1369,won
FRA,RSA,0,0,1368,won
LIO,NZL,0,0,1368,lost
TON,AUS,0,0,1368,lost
AUS,NZL,0,0,1366,lost
RSA,AUS,0,0,1364,won
SAM,NZL,0,0,1364,lost
RSA,AUS,0,0,1362,lost
RSA,AUS,0,0,1361,lost
AUS,CAN,0,0,1354,won
JPN,WAL,0,0,1353,lost
ROM,FRA,0,0,1353,lost
ARG,URU,0,0,1352,won
AUS,FRA,0,0,1351,lost
RSA,ARG,0,0,1350,won
AUS,FRA,0,0,1350,won
CAN,WAL,0,0,1349,won
RSA,ARG,0,0,1349,won
ROM,IRE,0,0,1349,lost
NZL,SCO,0,0,1348,won
NZL,ENG,0,0,1347,lost
SCO,WAL,0,0,1340,lost
IRE,FRA,0,0,1340,lost
ENG,SCO,0,0,1337,won
WAL,IRE,0,0,1337,won
FRA,WAL,0,0,1335,lost
IRE,ENG,0,0,1335,won
SCO,IRE,0,0,1333,lost
ENG,FRA,0,0,1333,won
FRA,SCO,0,0,1331,won
WAL,ENG,0,0,1331,lost
CZR,ITA,0,0,1322,lost
WAL,POR,0,0,1322,won
WAL,SPA,0,0,1322,won
ARG,USA,0,0,1321,won
SCO,ARG,0,0,1320,lost
ENG,RSA,0,0,1320,won
FRA,CAN,0,0,1320,lost
IRE,AUS,0,0,1320,lost
SCO,ARG,0,0,1319,lost
ENG,RSA,0,0,1319,lost
IRE,AUS,0,0,1319,lost
WAL,CAN,0,0,1319,won
ITA,AUS,0,0,1318,lost
WAL,FIJ,0,0,1318,won
USA,ARG,0,0,1317,lost
WAL,TON,0,0,1317,won
ITA,AUS,0,0,1317,lost
WAL,SAM,0,0,1317,lost
FRA,NZL,0,0,1317,won
FRA,NZL,0,0,1316,won
RSA,NZL,0,0,1315,lost
RSA,NZL,0,0,1313,lost
RSA,NZL,0,0,1311,lost
SAM,AUS,0,0,1311,lost
NZL,AUS,0,0,1309,lost
WAL,ROM,0,0,1305,won
ROM,ITA,0,0,1303,lost
ARG,RSA,0,0,1302,lost
ITA,WAL,0,0,1301,lost
ARG,RSA,0,0,1301,lost
USA,IRE,0,0,1298,lost
ROM,ENG,0,0,1297,lost
RSA,SCO,0,0,1296,won
RSA,WAL,0,0,1295,won
CAN,ENG,0,0,1293,lost
CAN,FRA,0,0,1292,lost
ENG,IRE,0,0,1287,won
WAL,FRA,0,0,1287,lost
CAN,SCO,0,0,1287,lost
IRE,SCO,0,0,1285,lost
FRA,ENG,0,0,1285,lost
ENG,WAL,0,0,1283,won
SCO,FRA,0,0,1283,won
FRA,IRE,0,0,1281,won
WAL,SCO,0,0,1281,lost
CAN,ARG,0,0,1280,lost
SCO,ENG,0,0,1279,lost
IRE,WAL,0,0,1279,won
FRA,ROM,0,0,1276,won
SAM,RSA,0,0,1275,lost
ROM,SCO,0,0,1274,lost
CAN,NZL,0,0,1274,lost
ARG,AUS,0,0,1273,lost
IRE,ITA,0,0,1272,lost
ARG,AUS,0,0,1272,lost
AUS,RSA,1,0,1269,lost
TON,FRA,1,0,1269,lost
CAN,ROM,1,0,1269,won
IRE,NZL,1,0,1269,lost
SAM,ITA,1,0,1269,won
ARG,ENG,1,0,1269,lost
JPN,WAL,1,0,1269,lost
ROM,RSA,1,0,1268,lost
TON,SCO,1,0,1268,lost
SAM,ARG,1,0,1268,won
CAN,AUS,1,0,1268,lost
WAL,NZL,1,0,1268,lost
ITA,ENG,1,0,1268,lost
JPN,IRE,1,0,1268,lost
CAN,RSA,1,0,1268,lost
ROM,AUS,1,0,1268,lost
SCO,FRA,1,0,1268,lost
WAL,IRE,1,0,1268,lost
ITA,ARG,1,0,1268,won
SAM,ENG,1,0,1268,lost
JPN,NZL,1,0,1268,lost
SAM,RSA,1,1,1267,lost
IRE,FRA,1,1,1267,lost
SCO,NZL,1,1,1267,lost
AUS,ENG,1,1,1267,lost
FRA,RSA,1,0,1266,lost
ENG,NZL,1,0,1266,lost
FRA,ENG,1,0,1265,won
NZL,RSA,1,1,1265,lost
AUS,NZL,0,0,1261,lost
NZL,AUS,0,0,1260,won
WAL,RSA,0,0,1255,lost
ITA,FRA,0,0,1249,lost
ROM,ARG,0,0,1249,lost
ITA,ARG,0,0,1248,lost
ROM,FRA,0,0,1248,lost
FRA,ARG,0,0,1248,won
NZL,ITA,0,0,1247,won
FIJ,WAL,0,0,1245,lost
NZL,FRA,0,0,1245,lost
RSA,ITA,0,0,1245,won
FIJ,IRE,0,0,1244,lost
SAM,SCO,0,0,1244,lost
RSA,ENG,0,0,1244,won
NZL,FRA,0,0,1244,won
SAM,ENG,0,0,1240,lost
IRE,USA,0,0,1237,won
ITA,WAL,0,0,1235,lost
SCO,IRE,0,0,1235,won
ENG,FRA,0,0,1235,lost
FRA,SCO,0,0,1233,lost
WAL,ENG,0,0,1233,lost
SCO,WAL,0,0,1231,won
IRE,FRA,0,0,1231,lost
ENG,SCO,0,0,1229,won
WAL,IRE,0,0,1229,lost
FRA,WAL,0,0,1227,lost
IRE,ENG,0,0,1227,lost
ROM,FRA,0,0,1222,lost
SAM,NZL,0,0,1215,lost
ARG,URU,0,0,1215,won
WAL,AUS,0,0,1215,lost
SCO,NZL,0,0,1214,lost
FRA,ARG,0,0,1213,won
WAL,AUS,0,0,1213,lost
SCO,NZL,0,0,1213,lost
FRA,ARG,0,0,1212,won
CAN,AUS,0,0,1212,lost
FIJ,RSA,0,0,1211,lost
AUS,NZL,0,0,1211,lost
RSA,AUS,0,0,1210,lost
TON,SAM,0,0,1210,lost
RSA,NZL,0,0,1209,lost
NZL,AUS,0,0,1208,won
AUS,RSA,0,0,1207,lost
NZL,RSA,0,0,1206,won
NZL,RSA,0,0,1205,won
NZL,RSA,0,0,1204,won
NZL,RSA,0,0,1203,lost
URU,ARG,0,0,1200,lost
ARG,CAN,0,0,1200,won
FRA,WAL,0,0,1199,won
WAL,ITA,0,0,1198,won
AUS,ITA,0,0,1195,won
RSA,ARG,0,0,1193,won
AUS,SCO,0,0,1193,won
SAM,IRE,0,0,1192,won
RSA,ARG,0,0,1192,won
AUS,IRE,0,0,1191,won
ITA,ENG,0,0,1191,lost
RSA,FRA,0,0,1190,won
AUS,WAL,0,0,1190,won
RSA,FRA,0,0,1189,won
ITA,SCO,0,0,1188,lost
ARG,ENG,0,0,1188,lost
RSA,WAL,0,0,1188,won
ITA,IRE,0,0,1185,won
USA,WAL,0,0,1184,lost
FRA,IRE,0,0,1183,won
WAL,SCO,0,0,1183,won
SCO,ENG,0,0,1181,lost
IRE,WAL,0,0,1181,won
ENG,IRE,0,0,1179,won
WAL,FRA,0,0,1179,lost
IRE,SCO,0,0,1177,lost
FRA,ENG,0,0,1177,won
ENG,WAL,0,0,1175,won
SCO,FRA,0,0,1175,lost
ITA,FRA,0,0,1174,won
ENG,ARG,0,0,1164,won
FRA,ROM,0,0,1164,won
ENG,ARG,0,0,1163,lost
TON,RSA,0,0,1162,lost
FIJ,NZL,0,0,1162,lost
ARG,NZL,0,0,1161,lost
FRA,AUS,0,0,1161,lost
LIO,RSA,0,0,1161,won
ARG,NZL,0,0,1160,lost
FRA,AUS,0,0,1160,lost
LIO,RSA,0,0,1160,won
TON,SAM,0,0,1160,lost
WAL,USA,0,0,1159,won
LIO,RSA,0,0,1159,lost
AUS,NZL,0,0,1159,lost
WAL,USA,0,0,1158,won
ENG,AUS,0,0,1158,lost
WAL,CAN,0,0,1157,won
NZL,RSA,0,0,1157,won
NZL,AUS,0,0,1156,won
RSA,AUS,0,0,1155,lost
RSA,NZL,0,0,1154,lost
AUS,NZL,0,0,1153,lost
AUS,RSA,0,0,1152,lost
ROM,WAL,0,0,1151,lost
ARG,URU,0,0,1147,won
ITA,FRA,0,0,1144,lost
ROM,ARG,0,0,1144,lost
ROM,FRA,0,0,1143,lost
ITA,ARG,0,0,1143,lost
ARG,FRA,0,0,1143,lost
AUS,ARG,0,0,1142,won
AUS,ARG,0,0,1141,lost
RSA,ITA,0,0,1141,won
AUS,ENG,0,0,1140,lost
NZL,IRE,0,0,1140,won
RSA,FRA,0,0,1140,won
TON,WAL,0,0,1140,lost
AUS,SCO,0,0,1139,won
NZL,ENG,0,0,1139,won
RSA,FRA,0,0,1139,won
NZL,WAL,0,0,1138,won
RSA,ENG,0,0,1138,won
CAN,IRE,0,0,1138,lost
RSA,SCO,0,0,1137,won
NZL,ENG,0,0,1137,lost
IRE,ITA,0,0,1135,lost
SCO,ITA,0,0,1130,lost
SCO,IRE,0,0,1128,won
ENG,FRA,0,0,1128,lost
ITA,WAL,0,0,1128,lost
FRA,SCO,0,0,1126,won
WAL,ENG,0,0,1126,lost
SCO,WAL,0,0,1124,lost
IRE,FRA,0,0,1124,lost
WAL,IRE,0,0,1122,won
ENG,SCO,0,0,1122,won
IRE,ENG,0,0,1120,lost
FRA,WAL,0,0,1120,won
SCO,FIJ,0,0,1112,lost
ENG,AUS,0,0,1111,lost
WAL,ZIM,0,0,1111,won
FRA,ARG,0,0,1110,won
IRE,RSA,0,0,1110,lost
SCO,AUS,0,0,1110,lost
ENG,NZL,0,0,1109,lost
FRA,ARG,0,0,1109,won
IRE,RSA,0,0,1109,lost
SCO,AUS,0,0,1109,lost
WAL,RSA,0,0,1108,lost
ENG,NZL,0,0,1108,lost
FRA,FIJ,0,0,1108,won
ENG,RSA,0,0,1107,lost
NZL,AUS,0,0,1106,lost
RSA,AUS,0,0,1105,won
RSA,NZL,0,0,1104,won
AUS,NZL,0,0,1103,won
ROM,ARG,0,0,1102,lost
USA,ARG,0,0,1101,lost
NZL,RSA,0,0,1101,lost
URU,ARG,0,0,1100,lost
CAN,ARG,0,0,1100,lost
AUS,RSA,0,0,1100,lost
NZL,AUS,0,0,1099,lost
ARG,JPN,0,0,1096,lost
FIJ,AUS,0,0,1096,lost
TON,SAM,0,0,1096,lost
TON,AUS,0,0,1095,lost
SAM,AUS,0,0,1095,lost
ARG,ITA,0,0,1089,lost
GEO,IRE,0,0,1088,lost
RSA,WAL,0,0,1088,won
ARG,FRA,0,0,1088,lost
ROM,IRE,0,0,1087,lost
RSA,SCO,0,0,1087,won
ARG,WAL,0,0,1087,lost
AUS,FRA,0,0,1087,won
ITA,ENG,0,0,1087,lost
AUS,ENG,0,0,1086,won
RSA,IRE,0,0,1086,won
RSA,ENG,0,0,1085,lost
FRA,IRE,0,0,1076,won
WAL,SCO,0,0,1076,lost
SCO,ENG,0,0,1074,lost
IRE,WAL,0,0,1074,won
ENG,IRE,0,0,1072,won
WAL,FRA,0,0,1072,won
ITA,SCO,0,0,1072,lost
IRE,SCO,0,0,1070,lost
FRA,ENG,0,0,1070,lost
WAL,ITA,0,0,1070,won
SCO,FRA,0,0,1067,won
ITA,IRE,0,0,1067,lost
ENG,WAL,0,0,1067,lost
ROM,FRA,0,0,1059,lost
WAL,ARG,0,0,1059,won
TON,SAM,0,0,1059,lost
WAL,ARG,0,0,1058,won
ITA,RSA,0,0,1058,lost
IRE,AUS,0,0,1058,lost
FRA,SAM,0,0,1058,won
FRA,TON,0,0,1057,lost
SAM,NZL,0,0,1057,lost
ITA,RSA,0,0,1057,lost
IRE,AUS,0,0,1057,lost
ENG,AUS,0,0,1056,lost
FRA,NZL,0,0,1056,lost
RSA,WAL,0,0,1056,lost
RSA,NZL,0,0,1054,lost
RSA,AUS,0,0,1053,lost
AUS,NZL,0,0,1052,lost
NZL,RSA,0,0,1050,won
AUS,RSA,0,0,1049,lost
ARG,SCO,0,0,1048,won
CAN,WAL,0,0,1048,lost
USA,ENG,0,0,1048,lost
ARG,IRE,0,0,1047,lost
ROM,SCO,0,0,1047,lost
FRA,WAL,0,0,1047,lost
CAN,ENG,0,0,1047,lost
FIJ,ITA,0,0,1047,won
NZL,AUS,0,0,1047,lost
ARG,WAL,1,0,1042,lost
NAM,FIJ,1,0,1042,lost
USA,IRE,1,0,1042,lost
ITA,ENG,1,0,1042,lost
CAN,FRA,1,0,1042,lost
URU,SPA,1,0,1042,won
RSA,SCO,1,0,1042,won
ROM,AUS,1,0,1042,lost
TON,NZL,1,0,1042,lost
JPN,SAM,1,0,1042,lost
URU,SCO,1,0,1041,lost
NAM,FRA,1,0,1041,lost
JPN,WAL,1,0,1041,lost
NZL,ENG,1,0,1041,won
CAN,FIJ,1,0,1041,lost
ROM,USA,1,0,1041,won
AUS,IRE,1,0,1041,won
SPA,RSA,1,0,1041,lost
SAM,ARG,1,0,1041,lost
TON,ITA,1,0,1041,won
SAM,WAL,1,0,1040,won
USA,AUS,1,0,1040,lost
ITA,NZL,1,0,1040,lost
NAM,CAN,1,0,1040,lost
ROM,IRE,1,0,1040,lost
TON,ENG,1,0,1040,lost
URU,RSA,1,0,1040,lost
SPA,SCO,1,0,1040,lost
FIJ,FRA,1,0,1040,lost
JPN,ARG,1,0,1040,lost
SAM,SCO,1,0,1039,lost
FIJ,ENG,1,0,1039,lost
ARG,IRE,1,0,1039,won
AUS,WAL,1,1,1039,won
NZL,SCO,1,1,1039,won
ARG,FRA,1,1,1039,lost
RSA,ENG,1,1,1039,won
RSA,AUS,1,0,1038,lost
FRA,NZL,1,0,1038,won
RSA,NZL,1,0,1037,won
FRA,AUS,1,1,1037,lost
SCO,ITA,0,0,1024,lost
FRA,WAL,0,0,1024,won
IRE,ENG,0,0,1024,lost
SCO,IRE,0,0,1022,lost
ITA,WAL,0,0,1022,lost
ENG,FRA,0,0,1022,won
ITA,IRE,0,0,1020,lost
FRA,SCO,0,0,1020,won
WAL,ENG,0,0,1020,lost
ENG,ITA,0,0,1018,won
SCO,WAL,0,0,1018,lost
IRE,FRA,0,0,1018,won
WAL,IRE,0,0,1016,won
ITA,FRA,0,0,1016,lost
ENG,SCO,0,0,1016,lost
FRA,ROM,0,0,1008,won
IRE,ARG,0,0,1007,lost
CAN,RSA,0,0,1006,lost
IRE,USA,0,0,1006,won
TON,NZL,0,0,1005,lost
ARG,AUS,0,0,1005,lost
ENG,RSA,0,0,1005,lost
IRE,CAN,0,0,1005,lost
ARG,AUS,0,0,1004,lost
SCO,NZL,0,0,1004,lost
ENG,RSA,0,0,1004,won
SAM,TON,0,0,1004,lost
SCO,NZL,0,0,1003,lost
ITA,SAM,0,0,1002,lost
RSA,AUS,0,0,1002,lost
ITA,FIJ,0,0,1001,lost
NZL,AUS,0,0,1001,won
RSA,NZL,0,0,1000,lost
RSA,AUS,0,0,999,lost
AUS,NZL,0,0,998,won
NZL,RSA,0,0,996,lost
AUS,RSA,0,0,995,won
USA,SCO,0,0,985,lost
AUS,FRA,0,0,985,won
NZL,FRA,0,0,984,won
JPN,IRE,0,0,984,lost
AUS,SCO,0,0,984,won
SAM,WAL,0,0,984,lost
CAN,ITA,0,0,984,won
RSA,ARG,0,0,984,won
AUS,ENG,0,0,983,lost
SAM,SCO,0,0,983,lost
USA,WAL,0,0,983,lost
NZL,FRA,0,0,983,lost
ROM,ITA,0,0,983,lost
RSA,IRE,0,0,983,won
NZL,ITA,0,0,982,won
ARG,ENG,0,0,982,lost
RSA,WAL,0,0,982,won
RSA,ENG,0,0,981,lost
IRE,ITA,0,0,972,won
ENG,WAL,0,0,972,won
SCO,FRA,0,0,972,lost
FRA,IRE,0,0,970,lost
WAL,SCO,0,0,970,lost
ITA,ENG,0,0,970,lost
SCO,ENG,0,0,968,lost
FRA,ITA,0,0,968,won
ITA,SCO,0,0,966,lost
WAL,FRA,0,0,966,won
FRA,ENG,0,0,963,lost
WAL,ITA,0,0,963,won
URU,ARG,0,0,957,lost
USA,ARG,0,0,956,lost
ENG,CAN,0,0,955,won
IRE,ROM,0,0,955,won
TON,SAM,0,0,955,lost
ENG,CAN,0,0,954,won
WAL,JPN,0,0,954,won
FRA,RSA,0,0,953,won
SAM,NZL,0,0,953,lost
ENG,USA,0,0,953,won
WAL,JPN,0,0,953,won
FRA,RSA,0,0,952,lost
ARG,NZL,0,0,952,lost
SAM,TON,0,0,951,won
FRA,NZL,0,0,951,lost
ITA,RSA,0,0,951,lost
LIO,AUS,0,0,951,won
ITA,URU,0,0,950,won
LIO,AUS,0,0,950,lost
ITA,ARG,0,0,949,lost
LIO,AUS,0,0,949,lost
NZL,RSA,0,0,948,won
AUS,RSA,0,0,947,lost
AUS,NZL,0,0,945,won
RSA,AUS,0,0,944,lost
RSA,NZL,0,0,943,lost
NZL,AUS,0,0,942,lost
ROM,WAL,0,0,939,lost
IRE,SCO,0,0,939,lost
IRE,WAL,0,0,936,won
ENG,IRE,0,0,935,lost
AUS,SPA,0,0,933,won
AUS,ENG,0,0,932,lost
FIJ,ITA,0,0,932,lost
TON,SCO,0,0,932,lost
ARG,WAL,0,0,932,won
RSA,FRA,0,0,932,lost
SAM,IRE,0,0,932,lost
RSA,ITA,0,0,931,won
NZL,IRE,0,0,931,won
TON,WAL,0,0,931,lost
ROM,ENG,0,0,931,lost
AUS,FRA,0,0,931,lost
ARG,SCO,0,0,931,won
NZL,SCO,0,0,930,won
RSA,ENG,0,0,930,lost
FIJ,FRA,0,0,930,lost
SAM,ITA,0,0,930,won
AUS,WAL,0,0,930,won
NZL,ARG,0,0,929,won
RSA,USA,0,0,929,won
ENG,SCO,0,0,920,won
ITA,FRA,0,0,920,lost
WAL,IRE,0,0,920,lost
SCO,ITA,0,0,918,won
FRA,WAL,0,0,918,won
IRE,ENG,0,0,918,lost
SCO,IRE,0,0,916,lost
ITA,WAL,0,0,916,lost
ENG,FRA,0,0,916,lost
ITA,IRE,0,0,913,lost
FRA,SCO,0,0,913,won
WAL,ENG,0,0,913,lost
SCO,WAL,0,0,911,won
IRE,FRA,0,0,911,lost
ENG,ITA,0,0,911,won
ITA,NZL,0,0,902,lost
WAL,RSA,0,0,902,lost
IRE,NZL,0,0,901,lost
FRA,ARG,0,0,901,lost
WAL,RSA,0,0,901,lost
SCO,CAN,0,0,901,lost
SAM,TON,0,0,901,won
ENG,ARG,0,0,900,won
IRE,NZL,0,0,900,lost
FRA,AUS,0,0,900,lost
SCO,USA,0,0,900,won
TON,SAM,0,0,899,lost
FRA,AUS,0,0,899,lost
ARG,RSA,0,0,899,lost
FIJ,NZL,0,0,899,lost
SAM,RSA,0,0,898,lost
AUS,NZL,0,0,897,lost
RSA,NZL,0,0,896,lost
RSA,AUS,0,0,895,lost
NZL,AUS,0,0,894,lost
NZL,RSA,0,0,893,won
AUS,RSA,0,0,892,lost
ROM,IRE,0,0,889,lost
IRE,RUS,0,0,887,won
ITA,SPA,0,0,887,won
GEO,IRE,0,0,886,lost
ROM,ITA,0,0,886,lost
ROM,WAL,0,0,881,lost
AUS,ARG,0,0,881,won
AUS,IRE,0,0,880,lost
ROM,SCO,0,0,880,lost
FIJ,WAL,0,0,880,lost
NZL,ENG,0,0,880,lost
RSA,FRA,0,0,880,lost
NZL,FRA,0,0,879,lost
AUS,ENG,0,0,879,lost
ARG,ITA,0,0,879,won
RSA,SCO,0,0,879,lost
CAN,WAL,0,0,879,lost
FIJ,IRE,0,0,879,lost
AUS,ITA,0,0,878,won
ARG,IRE,0,0,878,lost
NZL,WAL,0,0,878,won
RSA,ENG,0,0,878,lost
CAN,FRA,0,0,878,lost
FIJ,SCO,0,0,878,lost
WAL,ITA,0,0,866,lost
FRA,ENG,0,0,866,lost
IRE,SCO,0,0,866,won
IRE,ITA,0,0,865,won
ENG,WAL,0,0,865,won
SCO,FRA,0,0,865,lost
FRA,IRE,0,0,863,lost
WAL,SCO,0,0,863,lost
ITA,ENG,0,0,863,lost
SCO,ENG,0,0,861,lost
IRE,WAL,0,0,861,won
FRA,ITA,0,0,861,won
ITA,SCO,0,0,860,lost
WAL,FRA,0,0,860,lost
ENG,IRE,0,0,860,won
SCO,RSA,0,0,850,lost
IRE,AUS,0,0,850,lost
FRA,ARG,0,0,849,lost
SCO,RSA,0,0,849,lost
WAL,AUS,0,0,849,lost
ENG,NZL,0,0,849,won
IRE,TON,0,0,849,won
FRA,ARG,0,0,848,lost
IRE,SAM,0,0,848,won
ENG,AUS,0,0,848,won
WAL,NZL,0,0,848,lost
FRA,NZL,0,0,847,lost
ARG,RSA,0,0,847,lost
AUS,RSA,0,0,845,lost
NZL,RSA,0,0,844,won
NZL,AUS,0,0,843,won
RSA,AUS,0,0,842,lost
RSA,NZL,0,0,841,lost
WAL,IRE,0,0,840,lost
AUS,NZL,0,0,840,lost
FIJ,ARG,0,0,839,lost
ROM,FRA,0,0,839,lost
ITA,SCO,0,0,839,lost
ENG,WAL,0,0,839,won
ROM,WAL,0,0,838,lost
ITA,IRE,0,0,838,lost
SCO,WAL,0,0,838,lost
ENG,FRA,0,0,838,lost
IRE,SCO,0,0,837,won
FRA,ENG,0,0,837,lost
GEO,ITA,0,0,837,lost
ARG,AUS,1,0,832,lost
URU,RSA,1,0,832,lost
ITA,NZL,1,0,832,lost
ROM,IRE,1,0,832,lost
FIJ,FRA,1,0,832,lost
JPN,SCO,1,0,832,lost
GEO,ENG,1,0,832,lost
CAN,WAL,1,0,832,lost
NAM,ARG,1,0,831,lost
TON,ITA,1,0,831,lost
USA,FIJ,1,0,831,lost
URU,SAM,1,0,831,lost
CAN,NZL,1,0,831,lost
ROM,AUS,1,0,831,lost
JPN,FRA,1,0,831,lost
RSA,ENG,1,0,831,lost
NAM,IRE,1,0,831,lost
TON,WAL,1,0,831,lost
SAM,GEO,1,0,831,won
USA,SCO,1,0,830,lost
CAN,ITA,1,0,830,lost
ROM,ARG,1,0,830,lost
JPN,FIJ,1,0,830,lost
GEO,RSA,1,0,830,lost
TON,NZL,1,0,830,lost
NAM,AUS,1,0,830,lost
SCO,FRA,1,0,830,lost
ITA,WAL,1,0,830,lost
SAM,ENG,1,0,830,lost
ARG,IRE,1,0,830,lost
JPN,USA,1,0,829,lost
URU,GEO,1,0,829,won
TON,CAN,1,0,829,lost
ROM,NAM,1,0,829,won
USA,FRA,1,0,829,lost
IRE,AUS,1,0,829,lost
FIJ,SCO,1,0,829,lost
SAM,RSA,1,0,829,lost
WAL,NZL,1,0,829,lost
URU,ENG,1,0,829,lost
SCO,AUS,1,1,828,lost
RSA,NZL,1,1,828,lost
IRE,FRA,1,1,828,lost
WAL,ENG,1,1,828,lost
NZL,AUS,1,0,827,lost
FRA,ENG,1,0,827,lost
FRA,NZL,1,0,826,lost
ENG,AUS,1,1,826,won
SCO,WAL,0,0,814,lost
IRE,FRA,0,0,814,lost
ENG,ITA,0,0,814,won
ENG,SCO,0,0,813,won
ITA,FRA,0,0,813,lost
WAL,IRE,0,0,813,lost
SCO,ITA,0,0,811,lost
IRE,ENG,0,0,811,won
FRA,WAL,0,0,811,won
ITA,IRE,0,0,809,lost
WAL,ENG,0,0,809,lost
FRA,SCO,0,0,809,won
SCO,IRE,0,0,808,lost
ITA,WAL,0,0,808,lost
ENG,FRA,0,0,808,lost
TON,SAM,0,0,799,lost
SAM,SCO,0,0,798,lost
ENG,NZL,0,0,797,lost
WAL,ARG,0,0,797,lost
IRE,RSA,0,0,797,lost
SCO,AUS,0,0,797,lost
WAL,ARG,0,0,796,won
IRE,RSA,0,0,796,lost
SCO,AUS,0,0,796,lost
ENG,NZL,0,0,796,lost
ENG,AUS,0,0,795,lost
WAL,RSA,0,0,795,lost
ARG,NZL,0,0,795,lost
ITA,ROM,0,0,795,lost
PAC,AUS,0,0,794,lost
FRA,USA,0,0,794,won
ITA,JPN,0,0,794,won
FRA,CAN,0,0,793,won
PAC,NZL,0,0,793,lost
AUS,NZL,0,0,792,lost
PAC,RSA,0,0,792,lost
RSA,NZL,0,0,791,lost
RSA,AUS,0,0,790,lost
NZL,AUS,0,0,789,lost
NZL,RSA,0,0,788,lost
AUS,RSA,0,0,787,lost
AUS,SCO,0,0,776,won
RSA,WAL,0,0,776,won
CAN,ITA,0,0,776,lost
ROM,WAL,0,0,775,lost
NZL,ITA,0,0,775,won
RSA,IRE,0,0,775,lost
JPN,SCO,0,0,775,lost
CAN,ENG,0,0,775,lost
AUS,FRA,0,0,775,lost
USA,IRE,0,0,774,lost
AUS,SCO,0,0,774,won
NZL,WAL,0,0,774,won
RSA,ENG,0,0,774,lost
ARG,FRA,0,0,774,won
JPN,WAL,0,0,773,lost
AUS,ENG,0,0,773,won
ARG,IRE,0,0,773,lost
RSA,SCO,0,0,773,won
USA,ITA,0,0,773,lost
NZL,FRA,0,0,773,won
RSA,ARG,0,0,772,won
SCO,FRA,0,0,763,lost
ENG,WAL,0,0,763,lost
IRE,ITA,0,0,763,won
WAL,ITA,0,0,762,won
IRE,SCO,0,0,762,won
FRA,ENG,0,0,762,won
ITA,SCO,0,0,760,lost
WAL,FRA,0,0,760,won
ENG,IRE,0,0,760,lost
FRA,IRE,0,0,758,won
ITA,ENG,0,0,758,lost
WAL,SCO,0,0,758,won
FRA,ITA,0,0,757,won
IRE,WAL,0,0,757,lost
SCO,ENG,0,0,757,lost
JPN,ARG,0,0,752,lost
ARG,LIO,0,0,747,lost
WAL,USA,0,0,746,won
SCO,ROM,0,0,746,won
FIJ,NZL,0,0,745,lost
URU,RSA,0,0,745,lost
SAM,AUS,0,0,745,lost
WAL,CAN,0,0,745,won
ITA,ARG,0,0,745,lost
IRE,JPN,0,0,745,won
ITA,ARG,0,0,744,won
FRA,RSA,0,0,744,lost
IRE,JPN,0,0,744,won
FRA,RSA,0,0,743,lost
ITA,AUS,0,0,743,lost
LIO,NZL,0,0,743,lost
ARG,CAN,0,0,742,lost
LIO,NZL,0,0,742,lost
FRA,AUS,0,0,742,lost
LIO,NZL,0,0,741,lost
RSA,AUS,0,0,741,lost
AUS,RSA,0,0,739,lost
AUS,RSA,0,0,738,lost
NZL,RSA,0,0,737,lost
NZL,AUS,0,0,736,won
RSA,AUS,0,0,735,won
RSA,NZL,0,0,734,lost
AUS,NZL,0,0,733,lost
NZL,WAL,0,0,724,won
RSA,ARG,0,0,724,won
AUS,FRA,0,0,724,lost
FIJ,WAL,0,0,723,lost
NZL,IRE,0,0,723,won
AUS,ENG,0,0,723,lost
TON,ITA,0,0,723,lost
CAN,FRA,0,0,723,lost
ARG,SCO,0,0,723,won
FIJ,POR,0,0,722,won
CAN,ROM,0,0,722,lost
NZL,ENG,0,0,722,won
AUS,IRE,0,0,722,won
ARG,ITA,0,0,722,won
TON,FRA,0,0,722,lost
RSA,WAL,0,0,722,won
SAM,SCO,0,0,722,lost
ROM,IRE,0,0,721,lost
NZL,SCO,0,0,721,won
SAM,ENG,0,0,721,lost
FIJ,ITA,0,0,721,lost
AUS,WAL,0,0,721,lost
RSA,FRA,0,0,721,lost
SAM,ARG,0,0,720,won
ITA,IRE,0,0,711,lost
WAL,ENG,0,0,711,lost
FRA,SCO,0,0,711,lost
IRE,FRA,0,0,710,lost
ENG,ITA,0,0,710,won
SCO,WAL,0,0,710,lost
ITA,FRA,0,0,708,lost
ENG,SCO,0,0,708,lost
WAL,IRE,0,0,708,lost
ITA,WAL,0,0,706,lost
SCO,IRE,0,0,706,lost
ENG,FRA,0,0,706,lost
SCO,ITA,0,0,705,won
FRA,WAL,0,0,705,won
IRE,ENG,0,0,705,won
SCO,RSA,0,0,693,lost
IRE,NZL,0,0,693,lost
ITA,JPN,0,0,693,won
WAL,ARG,0,0,693,lost
ENG,AUS,0,0,693,lost
SCO,RSA,0,0,692,lost
ITA,FIJ,0,0,692,lost
WAL,ARG,0,0,692,lost
FRA,ROM,0,0,692,won
IRE,NZL,0,0,692,lost
ENG,AUS,0,0,692,lost
FRA,RSA,0,0,691,won
IRE,AUS,0,0,691,lost
NZL,ARG,0,0,691,won
SAM,TON,0,0,690,won
URU,ARG,0,0,689,lost
AUS,NZL,0,0,689,lost
RSA,AUS,0,0,688,lost
RSA,NZL,0,0,687,lost
NZL,AUS,0,0,686,won
RSA,AUS,0,0,685,lost
AUS,NZL,0,0,683,lost
NZL,RSA,0,0,682,won
NZL,RSA,0,0,681,lost
AUS,RSA,0,0,680,lost
POR,ITA,0,0,676,lost
ITA,RUS,0,0,675,won
AUS,WAL,0,0,672,lost
NZL,ENG,0,0,672,won
PAC,WAL,0,0,671,lost
ARG,ENG,0,0,671,won
ROM,SCO,0,0,671,lost
AUS,ITA,0,0,671,won
RSA,IRE,0,0,671,lost
NZL,FRA,0,0,671,won
CAN,WAL,0,0,670,lost
RSA,ENG,0,0,670,lost
PAC,SCO,0,0,670,lost
ARG,ITA,0,0,670,won
NZL,FRA,0,0,670,won
AUS,IRE,0,0,670,lost
RSA,ENG,0,0,669,won
AUS,SCO,0,0,669,won
CAN,ITA,0,0,669,lost
ARG,FRA,0,0,669,lost
NZL,WAL,0,0,669,won
PAC,IRE,0,0,669,lost
FRA,ITA,0,0,659,won
SCO,ENG,0,0,659,lost
IRE,WAL,0,0,659,won
ITA,ENG,0,0,658,lost
WAL,SCO,0,0,658,lost
FRA,IRE,0,0,658,won
ITA,SCO,0,0,656,won
ENG,IRE,0,0,656,lost
WAL,FRA,0,0,656,lost
IRE,SCO,0,0,654,won
WAL,ITA,0,0,654,lost
FRA,ENG,0,0,654,lost
IRE,ITA,0,0,653,won
SCO,FRA,0,0,653,lost
ENG,WAL,0,0,653,lost
IRE,ARG,0,0,643,lost
ENG,RSA,0,0,643,lost
WAL,AUS,0,0,643,lost
IRE,ARG,0,0,642,lost
ENG,RSA,0,0,642,lost
ITA,URU,0,0,642,won
FRA,NZL,0,0,642,lost
WAL,AUS,0,0,642,lost
ITA,ARG,0,0,641,lost
SAM,RSA,0,0,641,lost
FIJ,AUS,0,0,641,lost
FRA,NZL,0,0,641,lost
AUS,RSA,0,0,640,lost
CAN,NZL,0,0,640,lost
NZL,RSA,0,0,639,won
TON,SAM,0,0,639,lost
NZL,AUS,0,0,638,lost
RSA,AUS,0,0,637,lost
RSA,NZL,0,0,636,lost
AUS,NZL,0,0,635,lost
WAL,ENG,0,0,633,lost
IRE,SCO,0,0,632,lost
FRA,ENG,0,0,632,won
NAM,RSA,0,0,631,lost
JPN,ITA,0,0,631,lost
ARG,WAL,0,0,631,lost
ENG,FRA,0,0,631,lost
ITA,IRE,0,0,630,lost
RSA,SCO,0,0,630,won
FRA,WAL,0,0,630,won
ARG,FRA,1,0,628,won
ITA,NZL,1,0,628,lost
JPN,AUS,1,0,628,lost
USA,ENG,1,0,628,lost
CAN,WAL,1,0,628,lost
SAM,RSA,1,0,628,lost
POR,SCO,1,0,628,lost
NAM,IRE,1,0,628,lost
GEO,ARG,1,0,627,lost
TON,USA,1,0,627,won
JPN,FIJ,1,0,627,lost
ROM,ITA,1,0,627,lost
RSA,ENG,1,0,627,won
POR,NZL,1,0,627,lost
AUS,WAL,1,0,627,won
GEO,IRE,1,0,627,lost
CAN,FIJ,1,0,627,lost
TON,SAM,1,0,627,won
NAM,FRA,1,0,627,lost
ROM,SCO,1,0,626,lost
POR,ITA,1,0,626,lost
JPN,WAL,1,0,626,lost
IRE,FRA,1,0,626,lost
TON,RSA,1,0,626,lost
SAM,ENG,1,0,626,lost
NAM,ARG,1,0,626,lost
FIJ,AUS,1,0,626,lost
NZL,SCO,1,0,626,won
JPN,CAN,1,0,625,lost
POR,ROM,1,0,625,lost
NAM,GEO,1,0,625,lost
SAM,USA,1,0,625,won
TON,ENG,1,0,625,lost
ROM,NZL,1,0,625,lost
CAN,AUS,1,0,625,lost
FIJ,WAL,1,0,625,won
ITA,SCO,1,0,625,lost
GEO,FRA,1,0,625,lost
ARG,IRE,1,0,625,won
USA,RSA,1,0,625,lost
ENG,AUS,1,1,624,won
FRA,NZL,1,1,624,won
FIJ,RSA,1,1,624,lost
SCO,ARG,1,1,624,lost
ENG,FRA,1,0,623,won
ARG,RSA,1,0,623,lost
ARG,FRA,1,0,622,won
ENG,RSA,1,1,622,lost
RSA,WAL,0,0,617,won
ITA,IRE,0,0,607,lost
WAL,ENG,0,0,607,won
FRA,SCO,0,0,607,won
SCO,WAL,0,0,606,lost
IRE,FRA,0,0,606,lost
ENG,ITA,0,0,606,won
ITA,WAL,0,0,604,lost
SCO,IRE,0,0,604,lost
ENG,FRA,0,0,604,won
WAL,IRE,0,0,602,won
ENG,SCO,0,0,602,lost
ITA,FRA,0,0,602,lost
SCO,ITA,0,0,601,lost
IRE,ENG,0,0,601,lost
FRA,WAL,0,0,601,lost
SCO,ARG,0,0,589,lost
WAL,RSA,0,0,589,lost
IRE,NZL,0,0,589,lost
IRE,AUS,0,0,588,lost
SCO,ARG,0,0,588,won
WAL,RSA,0,0,588,lost
ENG,NZL,0,0,588,lost
ITA,RSA,0,0,587,lost
ENG,NZL,0,0,587,lost
FRA,AUS,0,0,586,lost
ITA,ARG,0,0,586,won
FRA,AUS,0,0,585,lost
RSA,NZL,0,0,585,lost
RSA,NZL,0,0,584,won
RSA,AUS,0,0,583,lost
NZL,AUS,0,0,582,lost
AUS,NZL,0,0,581,lost
ARG,RSA,0,0,580,lost
NZL,RSA,0,0,579,won
AUS,RSA,0,0,578,won
AUS,RSA,0,0,577,lost
SAM,NZL,0,0,576,lost
NZL,AUS,0,0,575,won
AUS,NZL,0,0,568,lost
CAN,IRE,0,0,567,lost
PAC,ENG,0,0,567,lost
RSA,WAL,0,0,567,won
AUS,ITA,0,0,567,won
NZL,SCO,0,0,567,won
ARG,FRA,0,0,567,lost
CAN,WAL,0,0,566,lost
NZL,IRE,0,0,566,won
AUS,ENG,0,0,566,won
RSA,SCO,0,0,566,won
ARG,ITA,0,0,566,won
PAC,FRA,0,0,566,lost
CAN,SCO,0,0,565,lost
ARG,IRE,0,0,565,lost
NZL,WAL,0,0,565,won
RSA,ENG,0,0,565,won
PAC,ITA,0,0,565,won
AUS,FRA,0,0,565,won
NZL,ENG,0,0,564,won
AUS,WAL,0,0,564,lost
ITA,ENG,0,0,554,lost
FRA,IRE,0,0,554,lost
WAL,SCO,0,0,554,won
SCO,FRA,0,0,553,lost
ENG,WAL,0,0,553,lost
IRE,ITA,0,0,553,won
WAL,FRA,0,0,551,lost
RUS,ROM,0,0,551,won
ITA,SCO,0,0,551,lost
ENG,IRE,0,0,551,lost
ROM,GEO,0,0,549,lost
WAL,ITA,0,0,549,won
IRE,SCO,0,0,549,won
FRA,ENG,0,0,549,lost
FRA,ITA,0,0,548,won
SCO,ENG,0,0,548,lost
IRE,WAL,0,0,548,won
GEO,RUS,0,0,548,won
IRE,CAN,0,0,539,won
WAL,CAN,0,0,538,won
IRE,USA,0,0,538,won
ARG,ENG,0,0,537,lost
WAL,USA,0,0,537,won
ENG,ARG,0,0,536,lost
ITA,AUS,0,0,536,lost
FRA,NZL,0,0,536,won
LIO,RSA,0,0,535,lost
FRA,NZL,0,0,535,lost
ITA,AUS,0,0,535,lost
LIO,RSA,0,0,534,lost
ITA,NZL,0,0,534,lost
FRA,AUS,0,0,534,lost
CAN,USA,0,0,533,lost
LIO,RSA,0,0,533,won
USA,CAN,0,0,532,lost
AUS,NZL,0,0,531,lost
NZL,RSA,0,0,530,lost
NZL,RSA,0,0,529,lost
AUS,RSA,0,0,528,lost
NZL,AUS,0,0,526,won
RSA,AUS,0,0,525,won
RSA,AUS,0,0,524,lost
RSA,NZL,0,0,523,won
AUS,NZL,0,0,522,lost
AUS,NZL,0,0,516,lost
AUS,ENG,0,0,515,won
NZL,WAL,0,0,515,won
SAM,WAL,0,0,514,lost
RSA,FRA,0,0,514,lost
USA,URU,0,0,514,won
ARG,ENG,0,0,514,lost
FIJ,SCO,0,0,514,lost
NZL,ITA,0,0,514,won
AUS,IRE,0,0,514,lost
AUS,SCO,0,0,513,lost
URU,USA,0,0,513,lost
NZL,ENG,0,0,513,won
ARG,WAL,0,0,513,lost
RSA,ITA,0,0,513,won
FIJ,IRE,0,0,513,lost
SAM,FRA,0,0,513,lost
NZL,FRA,0,0,512,won
ARG,SCO,0,0,512,won
RSA,IRE,0,0,512,lost
SAM,ITA,0,0,512,lost
AUS,WAL,0,0,512,won
ITA,IRE,0,0,502,lost
WAL,ENG,0,0,502,lost
FRA,SCO,0,0,502,won
SCO,WAL,0,0,501,lost
IRE,FRA,0,0,501,lost
ENG,ITA,0,0,501,won
FRA,WAL,0,0,499,won
ROM,RUS,0,0,499,lost
SCO,ITA,0,0,499,lost
IRE,ENG,0,0,499,won
GEO,ROM,0,0,497,lost
WAL,IRE,0,0,497,lost
ENG,SCO,0,0,497,lost
ITA,FRA,0,0,497,lost
ENG,FRA,0,0,496,lost
RUS,GEO,0,0,496,lost
ITA,WAL,0,0,496,lost
SCO,IRE,0,0,496,won
FIJ,AUS,0,0,485,lost
RSA,WAL,0,0,485,won
IRE,NZL,0,0,484,lost
ENG,AUS,0,0,484,lost
SCO,ARG,0,0,484,won
FRA,RSA,0,0,484,lost
ENG,AUS,0,0,483,won
SCO,ARG,0,0,483,won
ITA,RSA,0,0,483,lost
WAL,NZL,0,0,483,lost
IRE,AUS,0,0,482,lost
FRA,ARG,0,0,482,lost
ITA,RSA,0,0,482,lost
WAL,NZL,0,0,482,lost
RSA,NZL,0,0,480,lost
RSA,NZL,0,0,479,lost
RSA,AUS,0,0,478,lost
NZL,AUS,0,0,477,won
AUS,NZL,0,0,476,lost
NZL,RSA,0,0,474,won
AUS,RSA,0,0,473,lost
AUS,RSA,0,0,472,won
NZL,AUS,0,0,471,won
AUS,NZL,0,0,464,won
AUS,WAL,0,0,463,won
NZL,ENG,0,0,463,won
RSA,IRE,0,0,463,won
NZL,SCO,0,0,462,won
ROM,URU,0,0,462,lost
RSA,WAL,0,0,462,won
AUS,ENG,0,0,462,lost
SAM,IRE,0,0,462,lost
ARG,ITA,0,0,462,won
FIJ,FRA,0,0,462,lost
FIJ,WAL,0,0,461,lost
ARG,FRA,0,0,461,lost
RSA,SCO,0,0,461,lost
SAM,ENG,0,0,461,lost
AUS,ITA,0,0,461,won
NZL,IRE,0,0,461,won
NZL,WAL,0,0,460,won
AUS,FRA,0,0,460,won
URU,ROM,0,0,460,lost
RSA,ENG,0,0,460,won
SAM,SCO,0,0,460,lost
FIJ,ITA,0,0,460,lost
ARG,IRE,0,0,460,lost
ENG,WAL,0,0,450,won
IRE,ITA,0,0,450,won
SCO,FRA,0,0,450,lost
ITA,ENG,0,0,449,lost
WAL,SCO,0,0,449,won
FRA,IRE,0,0,449,won
WAL,ITA,0,0,447,won
FRA,ENG,0,0,447,lost
IRE,SCO,0,0,447,won
FRA,ITA,0,0,445,lost
IRE,WAL,0,0,445,lost
SCO,ENG,0,0,445,lost
ITA,SCO,0,0,444,lost
ENG,IRE,0,0,444,lost
WAL,FRA,0,0,444,lost
SAM,AUS,0,0,427,won
FIJ,NZL,0,0,426,lost
RSA,AUS,0,0,426,lost
RSA,NZL,0,0,425,lost
AUS,NZL,0,0,424,lost
WAL,ENG,0,0,424,lost
IRE,SCO,0,0,424,lost
AUS,RSA,0,0,423,won
JPN,ITA,0,0,423,lost
ENG,WAL,0,0,423,lost
IRE,FRA,0,0,423,lost
NZL,RSA,0,0,422,lost
ARG,WAL,0,0,422,lost
ITA,SCO,0,0,422,lost
FRA,IRE,0,0,422,won
NZL,AUS,0,0,421,lost
ENG,IRE,0,0,421,won
TON,NZL,1,0,419,lost
ROM,SCO,1,0,419,lost
NAM,FIJ,1,0,419,lost
JPN,FRA,1,0,419,lost
ENG,ARG,1,0,419,won
ITA,AUS,1,0,419,lost
USA,IRE,1,0,419,lost
WAL,RSA,1,0,419,lost
NAM,SAM,1,0,418,lost
CAN,TON,1,0,418,won
GEO,SCO,1,0,418,lost
USA,RUS,1,0,418,won
JPN,NZL,1,0,418,lost
ROM,ARG,1,0,418,lost
FIJ,RSA,1,0,418,lost
IRE,AUS,1,0,418,won
SAM,WAL,1,0,418,lost
GEO,ENG,1,0,418,lost
CAN,FRA,1,0,418,lost
RUS,ITA,1,0,417,lost
JPN,TON,1,0,417,lost
NAM,RSA,1,0,417,lost
USA,AUS,1,0,417,lost
ROM,ENG,1,0,417,lost
FRA,NZL,1,0,417,lost
SAM,FIJ,1,0,417,won
RUS,IRE,1,0,417,lost
SCO,ARG,1,0,417,lost
NAM,WAL,1,0,416,lost
JPN,CAN,1,0,416,lost
USA,ITA,1,0,416,lost
ROM,GEO,1,0,416,lost
SAM,RSA,1,0,416,lost
RUS,AUS,1,0,416,lost
TON,FRA,1,0,416,won
SCO,ENG,1,0,416,lost
GEO,ARG,1,0,416,lost
CAN,NZL,1,0,416,lost
FIJ,WAL,1,0,416,lost
ITA,IRE,1,0,416,lost
WAL,IRE,1,1,415,won
FRA,ENG,1,1,415,won
AUS,RSA,1,1,415,won
ARG,NZL,1,1,415,lost
FRA,WAL,1,0,414,won
AUS,NZL,1,0,414,lost
AUS,WAL,1,0,413,won
FRA,NZL,1,1,413,lost
AUS,WAL,0,0,407,won
ITA,FRA,0,0,398,lost
ENG,SCO,0,0,398,won
WAL,IRE,0,0,398,won
ENG,ITA,0,0,397,won
SCO,WAL,0,0,397,lost
ITA,IRE,0,0,395,lost
WAL,ENG,0,0,395,won
FRA,SCO,0,0,395,won
IRE,FRA,0,0,394,lost
ITA,WAL,0,0,393,lost
SCO,IRE,0,0,393,lost
ENG,FRA,0,0,393,won
SCO,ITA,0,0,392,lost
FRA,WAL,0,0,392,lost
IRE,ENG,0,0,392,lost
SCO,AUS,0,0,380,won
ITA,ARG,0,0,380,lost
ENG,RSA,0,0,380,lost
IRE,NZL,0,0,380,lost
WAL,AUS,0,0,380,lost
ITA,CAN,0,0,379,won
SCO,FIJ,0,0,379,won
ENG,RSA,0,0,379,lost
FRA,ARG,0,0,379,lost
IRE,NZL,0,0,379,lost
WAL,AUS,0,0,379,lost
WAL,AUS,0,0,378,lost
SCO,SAM,0,0,378,won
ENG,RSA,0,0,378,lost
FRA,ARG,0,0,378,won
IRE,NZL,0,0,378,lost
ITA,USA,0,0,378,won
NZL,AUS,0,0,370,won
ARG,RSA,0,0,370,lost
RSA,ARG,0,0,369,lost
AUS,NZL,0,0,369,lost
RSA,AUS,0,0,367,lost
ARG,NZL,0,0,367,lost
ARG,AUS,0,0,366,lost
RSA,NZL,0,0,366,lost
AUS,RSA,0,0,364,lost
NZL,ARG,0,0,364,won
NZL,RSA,0,0,363,won
AUS,ARG,0,0,363,won
NZL,AUS,0,0,361,lost
AUS,FRA,0,0,358,lost
FIJ,ENG,0,0,358,lost
ARG,WAL,0,0,358,won
TON,ITA,0,0,358,lost
RSA,IRE,0,0,358,won
NZL,SCO,0,0,358,won
SAM,WAL,0,0,357,won
AUS,ENG,0,0,357,won
RSA,SCO,0,0,357,won
NZL,ITA,0,0,357,won
ARG,FRA,0,0,357,lost
NZL,WAL,0,0,356,won
ARG,IRE,0,0,356,lost
RSA,ENG,0,0,356,won
TON,SCO,0,0,356,won
AUS,ITA,0,0,356,won
SAM,FRA,0,0,356,lost
NZL,ENG,0,0,355,lost
AUS,WAL,0,0,355,won
IRE,WAL,0,0,346,won
SCO,ENG,0,0,346,lost
FRA,ITA,0,0,346,lost
ITA,SCO,0,0,345,lost
WAL,FRA,0,0,345,won
ENG,IRE,0,0,345,won
WAL,ITA,0,0,343,won
FRA,ENG,0,0,343,lost
IRE,SCO,0,0,343,lost
WAL,SCO,0,0,341,won
FRA,IRE,0,0,341,lost
ITA,ENG,0,0,341,lost
ENG,WAL,0,0,340,lost
IRE,ITA,0,0,340,lost
SCO,FRA,0,0,340,lost
WAL,JPN,0,0,328,won
SCO,SAM,0,0,328,lost
ENG,ARG,0,0,328,won
IRE,USA,0,0,328,won
ITA,RSA,0,0,328,lost
FRA,NZL,0,0,328,lost
WAL,JPN,0,0,327,lost
SAM,ITA,0,0,327,won
ENG,ARG,0,0,327,won
SCO,RSA,0,0,327,lost
FRA,NZL,0,0,327,lost
IRE,CAN,0,0,327,won
CAN,JPN,0,0,326,lost
LIO,AUS,0,0,326,won
SCO,ITA,0,0,326,won
GEO,ARG,0,0,326,lost
SAM,RSA,0,0,326,lost
FRA,NZL,0,0,326,lost
USA,JPN,0,0,326,lost
LIO,AUS,0,0,325,lost
LIO,AUS,0,0,324,won
NZL,AUS,0,0,318,won
ARG,RSA,0,0,318,lost
RSA,ARG,0,0,317,won
AUS,NZL,0,0,317,lost
RSA,AUS,0,0,315,won
ARG,NZL,0,0,315,lost
ARG,AUS,0,0,314,lost
RSA,NZL,0,0,314,lost
AUS,RSA,0,0,312,lost
NZL,ARG,0,0,312,won
NZL,RSA,0,0,311,won
AUS,ARG,0,0,311,won
AUS,NZL,0,0,309,lost
AUS,ENG,0,0,307,lost
NZL,JPN,0,0,307,won
NZL,FRA,0,0,306,won
AUS,ITA,0,0,306,won
ARG,ENG,0,0,306,lost
JPN,SCO,0,0,306,lost
RSA,WAL,0,0,306,won
SAM,IRE,0,0,306,lost
TON,FRA,0,0,305,lost
FIJ,ITA,0,0,305,lost
NZL,ENG,0,0,305,won
ARG,WAL,0,0,305,lost
AUS,IRE,0,0,305,won
RSA,SCO,0,0,305,won
TON,WAL,0,0,304,lost
RSA,FRA,0,0,304,won
ARG,ITA,0,0,304,won
AUS,SCO,0,0,304,won
NZL,IRE,0,0,304,won
AUS,WAL,0,0,303,won
ITA,WAL,0,0,294,lost
ENG,FRA,0,0,294,lost
SCO,IRE,0,0,293,lost
WAL,IRE,0,0,293,lost
ENG,SCO,0,0,293,won
ITA,FRA,0,0,293,lost
FRA,WAL,0,0,291,lost
SCO,ITA,0,0,291,won
IRE,ENG,0,0,291,lost
ITA,IRE,0,0,289,lost
FRA,SCO,0,0,289,won
WAL,ENG,0,0,289,lost
ENG,ITA,0,0,288,won
SCO,WAL,0,0,288,lost
IRE,FRA,0,0,288,won
FRA,AUS,0,0,276,lost
ITA,FIJ,0,0,276,lost
SCO,USA,0,0,276,won
IRE,ARG,0,0,276,won
ENG,NZL,0,0,276,lost
FRA,AUS,0,0,275,lost
ITA,SAM,0,0,275,lost
IRE,ARG,0,0,275,won
SCO,CAN,0,0,275,won
WAL,RSA,0,0,275,lost
ENG,NZL,0,0,275,lost
FRA,AUS,0,0,274,lost
ITA,JPN,0,0,274,lost
SCO,ARG,0,0,274,won
WAL,RSA,0,0,274,lost
ENG,NZL,0,0,274,lost
SCO,RSA,0,0,273,lost
NZL,AUS,0,0,266,lost
ARG,RSA,0,0,266,lost
AUS,NZL,0,0,265,lost
RSA,ARG,0,0,265,won
RSA,AUS,0,0,263,lost
ARG,NZL,0,0,263,lost
ARG,AUS,0,0,262,lost
RSA,NZL,0,0,262,lost
AUS,RSA,0,0,260,lost
NZL,ARG,0,0,260,won
NZL,RSA,0,0,259,lost
AUS,ARG,0,0,259,lost
NZL,AUS,0,0,257,won
NZL,USA,0,0,255,won
NAM,CAN,0,0,254,lost
NZL,ENG,0,0,254,won
ARG,SCO,0,0,254,lost
AUS,WAL,0,0,254,won
SAM,ITA,0,0,254,lost
TON,GEO,0,0,254,won
USA,ROM,0,0,254,won
RSA,IRE,0,0,254,lost
FIJ,FRA,0,0,254,lost
SAM,CAN,0,0,253,won
FIJ,WAL,0,0,253,lost
NZL,SCO,0,0,253,won
AUS,FRA,0,0,253,lost
RSA,ENG,0,0,253,won
ARG,ITA,0,0,253,won
JPN,ROM,0,0,253,lost
TON,USA,0,0,253,won
GEO,IRE,0,0,253,lost
FIJ,USA,0,0,252,won
SAM,ENG,0,0,252,lost
TON,SCO,0,0,252,lost
RSA,ITA,0,0,252,won
NAM,POR,0,0,252,lost
AUS,IRE,0,0,252,lost
NZL,WAL,0,0,252,won
CAN,ROM,0,0,252,lost
ARG,FRA,0,0,252,won
JPN,GEO,0,0,252,lost
AUS,ENG,0,0,251,lost
RSA,WAL,0,0,251,lost
ENG,WAL,0,0,241,won
IRE,ITA,0,0,241,won
SCO,FRA,0,0,241,lost
ITA,ENG,0,0,240,lost
FRA,IRE,0,0,240,lost
WAL,SCO,0,0,240,won
ITA,SCO,0,0,238,won
WAL,FRA,0,0,238,won
ENG,IRE,0,0,238,lost
IRE,WAL,0,0,236,lost
SCO,ENG,0,0,236,lost
FRA,ITA,0,0,236,won
WAL,ITA,0,0,235,won
IRE,SCO,0,0,235,won
FRA,ENG,0,0,235,lost
NZL,SAM,0,0,219,won
ARG,NZL,0,0,218,lost
RSA,AUS,0,0,218,lost
AUS,ARG,0,0,217,won
NZL,RSA,0,0,217,won
NZL,AUS,0,0,215,lost
ARG,RSA,0,0,215,won
IRE,WAL,0,0,215,won
RSA,ARG,0,0,214,won
SCO,IRE,0,0,214,lost
AUS,NZL,0,0,214,lost
FRA,ENG,0,0,214,lost
SCO,ITA,0,0,213,won
ENG,FRA,0,0,213,lost
WAL,IRE,0,0,212,won
ITA,SCO,0,0,212,lost
IRE,ENG,0,0,211,lost
ITA,WAL,0,0,211,lost
SCO,FRA,0,0,211,lost
AUS,USA,0,0,211,won
FIJ,ENG,1,0,209,lost
GEO,TON,1,0,209,won
JPN,RSA,1,0,209,won
CAN,IRE,1,0,209,lost
ITA,FRA,1,0,209,lost
USA,SAM,1,0,209,lost
ARG,NZL,1,0,209,lost
URU,WAL,1,0,209,lost
FIJ,AUS,1,0,208,lost
JPN,SCO,1,0,208,lost
ROM,FRA,1,0,208,lost
NAM,NZL,1,0,208,lost
GEO,ARG,1,0,208,lost
SAM,RSA,1,0,208,lost
CAN,ITA,1,0,208,lost
WAL,ENG,1,0,208,won
URU,AUS,1,0,208,lost
USA,SCO,1,0,208,lost
ROM,IRE,1,0,208,lost
NAM,TON,1,0,207,lost
FIJ,WAL,1,0,207,lost
CAN,FRA,1,0,207,lost
GEO,NZL,1,0,207,lost
SCO,RSA,1,0,207,lost
JPN,SAM,1,0,207,won
AUS,ENG,1,0,207,won
ITA,IRE,1,0,207,lost
TON,ARG,1,0,207,lost
ROM,CAN,1,0,206,won
URU,FIJ,1,0,206,lost
USA,RSA,1,0,206,lost
GEO,NAM,1,0,206,won
TON,NZL,1,0,206,lost
WAL,AUS,1,0,206,lost
SAM,SCO,1,0,206,lost
URU,ENG,1,0,206,lost
NAM,ARG,1,0,206,lost
IRE,FRA,1,0,206,won
ROM,ITA,1,0,206,lost
JPN,USA,1,0,206,won
WAL,RSA,1,1,205,lost
FRA,NZL,1,1,205,lost
ARG,IRE,1,1,205,won
SCO,AUS,1,1,205,lost
RSA,NZL,1,0,204,lost
ARG,AUS,1,0,204,lost
ARG,RSA,1,0,203,lost
AUS,NZL,1,1,203,lost
ITA,FRA,0,0,189,lost
ENG,SCO,0,0,189,won
WAL,IRE,0,0,189,lost
IRE,FRA,0,0,188,lost
SCO,WAL,0,0,188,lost
ENG,ITA,0,0,188,won
FRA,WAL,0,0,186,lost
SCO,ITA,0,0,186,won
IRE,ENG,0,0,186,lost
ITA,IRE,0,0,184,lost
WAL,ENG,0,0,184,lost
FRA,SCO,0,0,184,lost
ITA,WAL,0,0,183,lost
SCO,IRE,0,0,183,lost
ENG,FRA,0,0,183,won
WAL,ENG,0,0,173,lost
ENG,AUS,0,0,171,won
ITA,ARG,0,0,171,lost
IRE,RSA,0,0,171,won
WAL,NZL,0,0,171,lost
ENG,AUS,0,0,170,won
ITA,USA,0,0,170,won
IRE,RSA,0,0,170,lost
SCO,JPN,0,0,170,won
WAL,NZL,0,0,170,lost
FRA,ARG,0,0,170,lost
ENG,AUS,0,0,169,won
FRA,ARG,0,0,169,won
IRE,RSA,0,0,169,lost
SCO,JPN,0,0,169,won
WAL,NZL,0,0,169,lost
ITA,CAN,0,0,169,won
ARG,RSA,0,0,161,lost
NZL,AUS,0,0,161,won
RSA,ARG,0,0,160,lost
AUS,NZL,0,0,160,lost
RSA,AUS,0,0,158,lost
ARG,NZL,0,0,158,lost
ARG,AUS,0,0,157,lost
RSA,NZL,0,0,157,lost
AUS,RSA,0,0,155,lost
NZL,ARG,0,0,155,won
NZL,RSA,0,0,154,won
AUS,ARG,0,0,154,won
AUS,NZL,0,0,152,lost
IRE,NZL,0,0,150,won
AUS,WAL,0,0,150,won
ARG,JPN,0,0,150,won
NZL,ITA,0,0,149,won
AUS,SCO,0,0,149,won
SAM,FRA,0,0,149,lost
RSA,ENG,0,0,149,lost
CAN,IRE,0,0,149,lost
ARG,WAL,0,0,149,lost
NZL,IRE,0,0,148,won
AUS,FRA,0,0,148,won
ARG,SCO,0,0,148,lost
RSA,ITA,0,0,148,lost
JPN,WAL,0,0,148,lost
FIJ,ENG,0,0,148,lost
TON,ITA,0,0,147,won
ARG,ENG,0,0,147,lost
GEO,SCO,0,0,147,lost
AUS,IRE,0,0,147,lost
RSA,WAL,0,0,147,lost
NZL,FRA,0,0,147,won
AUS,ENG,0,0,146,lost
IRE,SCO,0,0,137,lost
FRA,ENG,0,0,137,lost
WAL,ITA,0,0,137,won
IRE,ITA,0,0,136,won
ENG,WAL,0,0,136,won
SCO,FRA,0,0,136,lost
WAL,SCO,0,0,134,lost
FRA,IRE,0,0,134,lost
ITA,ENG,0,0,134,lost
IRE,WAL,0,0,132,lost
FRA,ITA,0,0,132,won
SCO,ENG,0,0,132,lost
ITA,SCO,0,0,131,lost
WAL,FRA,0,0,131,lost
ENG,IRE,0,0,131,lost
ROM,JPN,0,0,119,lost
FIJ,AUS,0,0,119,lost
GEO,CAN,0,0,119,won
IRE,USA,0,0,119,won
ENG,ARG,0,0,119,won
FRA,RSA,0,0,119,lost
SCO,ITA,0,0,119,won
WAL,TON,0,0,118,won
SAM,NZL,0,0,118,lost
IRE,JPN,0,0,118,won
ITA,FIJ,0,0,118,lost
SCO,AUS,0,0,118,won
ROM,CAN,0,0,118,won
ENG,ARG,0,0,118,won
FRA,RSA,0,0,118,lost
GEO,USA,0,0,118,won
WAL,SAM,0,0,117,won
SCO,FIJ,0,0,117,lost
IRE,JPN,0,0,117,won
ITA,AUS,0,0,117,lost
GEO,ARG,0,0,117,lost
FRA,RSA,0,0,117,lost
LIO,NZL,0,0,117,lost
LIO,NZL,0,0,116,won
LIO,NZL,0,0,115,lost
ARG,RSA,0,0,109,lost
NZL,AUS,0,0,109,won
RSA,ARG,0,0,108,won
AUS,NZL,0,0,108,lost
RSA,AUS,0,0,106,lost
ARG,NZL,0,0,106,lost
RSA,NZL,0,0,105,lost
ARG,AUS,0,0,105,lost
AUS,RSA,0,0,103,lost
NZL,ARG,0,0,103,won
NZL,RSA,0,0,102,won
AUS,ARG,0,0,102,won
NZL,AUS,0,0,100,lost
AUS,JPN,0,0,98,won
CAN,GEO,0,0,97,lost
SAM,SCO,0,0,97,lost
FIJ,ITA,0,0,97,lost
ARG,ENG,0,0,97,lost
AUS,WAL,0,0,97,won
RSA,IRE,0,0,97,lost
NZL,FRA,0,0,97,won
GEO,WAL,0,0,96,lost
SAM,ROM,0,0,96,lost
ARG,ITA,0,0,96,won
AUS,ENG,0,0,96,lost
URU,NAM,0,0,96,won
TON,JPN,0,0,96,lost
NZL,SCO,0,0,96,won
FIJ,IRE,0,0,96,lost
RSA,FRA,0,0,96,won
FIJ,CAN,0,0,95,won
RSA,ITA,0,0,95,won
TON,ROM,0,0,95,won
AUS,SCO,0,0,95,lost
SAM,ENG,0,0,95,lost
URU,NAM,0,0,95,won
NZL,WAL,0,0,95,won
ARG,IRE,0,0,95,lost
USA,GEO,0,0,95,lost
JPN,FRA,0,0,95,lost
RSA,WAL,0,0,94,lost
SCO,WAL,0,0,85,lost
IRE,FRA,0,0,85,won
ENG,ITA,0,0,85,won
ITA,IRE,0,0,84,lost
WAL,ENG,0,0,84,lost
FRA,SCO,0,0,84,lost
ITA,FRA,0,0,82,lost
WAL,IRE,0,0,82,lost
ENG,SCO,0,0,82,lost
SCO,IRE,0,0,80,lost
ENG,FRA,0,0,80,lost
ITA,WAL,0,0,80,lost
SCO,ITA,0,0,79,won
IRE,ENG,0,0,79,won
FRA,WAL,0,0,79,lost
WAL,RSA,0,0,68,won
IRE,AUS,0,0,67,lost
WAL,ARG,0,0,67,won
ITA,JPN,0,0,67,lost
SCO,CAN,0,0,67,won
ENG,RSA,0,0,67,lost
FRA,NZL,0,0,67,lost
IRE,AUS,0,0,66,won
WAL,ARG,0,0,66,won
ITA,JPN,0,0,66,won
SCO,USA,0,0,66,lost
ENG,RSA,0,0,66,lost
FRA,NZL,0,0,66,lost
IRE,AUS,0,0,65,won
SCO,ARG,0,0,65,won
GEO,JPN,0,0,65,lost
TON,FIJ,0,0,65,won
ENG,RSA,0,0,65,won
FRA,NZL,0,0,65,lost
ARG,RSA,0,0,57,lost
NZL,AUS,0,0,57,won
RSA,ARG,0,0,56,lost
AUS,NZL,0,0,56,lost
RSA,AUS,0,0,54,lost
ARG,NZL,0,0,54,lost
ARG,AUS,0,0,53,won
RSA,NZL,0,0,53,won
NZL,ARG,0,0,51,won
AUS,RSA,0,0,51,lost
NZL,RSA,0,0,50,won
AUS,ARG,0,0,50,won
AUS,NZL,0,0,47,lost
NZL,JPN,0,0,46,won
RSA,ENG,0,0,46,lost
SCO,WAL,0,0,46,lost
ITA,IRE,0,0,46,lost
NZL,ENG,0,0,45,won
RSA,FRA,0,0,45,won
GEO,ITA,0,0,45,lost
FIJ,SCO,0,0,45,lost
AUS,WAL,0,0,45,lost
ARG,IRE,0,0,45,lost
ARG,FRA,0,0,44,lost
AUS,ITA,0,0,44,won
JPN,ENG,0,0,44,lost
RSA,SCO,0,0,44,won
TON,WAL,0,0,44,lost
NZL,IRE,0,0,44,lost
NZL,ITA,0,0,43,won
FIJ,FRA,0,0,43,won
AUS,ENG,0,0,43,lost
ARG,SCO,0,0,43,lost
RSA,WAL,0,0,43,lost
USA,IRE,0,0,43,lost
WAL,FRA,0,0,33,won
ITA,SCO,0,0,33,lost
ENG,IRE,0,0,33,won
IRE,SCO,0,0,32,won
WAL,ITA,0,0,32,won
FRA,ENG,0,0,32,lost
SCO,FRA,0,0,30,lost
ENG,WAL,0,0,30,lost
IRE,ITA,0,0,30,won
WAL,SCO,0,0,28,won
ITA,ENG,0,0,28,lost
FRA,IRE,0,0,28,lost
FRA,ITA,0,0,27,won
IRE,WAL,0,0,27,lost
SCO,ENG,0,0,27,lost
AUS,RSA,0,0,9,lost
NZL,ARG,0,0,9,won
ARG,AUS,0,0,8,lost
RSA,NZL,0,0,8,lost
RSA,ARG,0,0,6,won
ITA,IRE,0,0,6,lost
NZL,AUS,0,0,6,lost
WAL,ENG,0,0,6,lost
ARG,RSA,0,0,5,lost
ENG,WAL,0,0,5,lost
RUS,ITA,0,0,5,lost
AUS,NZL,0,0,5,lost
SCO,FRA,0,0,5,lost
FRA,SCO,0,0,4,lost
IRE,ENG,0,0,4,lost
ITA,FRA,0,0,3,lost
IRE,WAL,0,0,3,won
SCO,GEO,0,0,3,won
RSA,JPN,0,0,2,won
GEO,SCO,0,0,2,lost
ITA,ENG,0,0,2,lost
SAM,AUS,0,0,2,lost
WAL,IRE,0,0,2,lost
TON,NZL,0,0,2,lost
